{"timings": [[0.010676, 365], [0.055672, 49], [9.669787, 31], [0.37801, 31], [0.183365, 31], [3.434661, 72], [0.000121, 14], [0.001584, 58], [16.666805, 35], [0.192386, 35], [2.810332, 35], [1.02124, 35], [0.414967, 35], [0.165087, 35], [0.110599, 35], [0.056959, 35], [0.293554, 4], [0.141698, 4], [0.133725, 4], [0.134187, 4], [0.141698, 4], [0.126489, 4], [0.389061, 35], [0.437374, 4], [0.890833, 35], [0.100653, 35], [0.150189, 35], [0.189173, 35], [0.073997, 35], [0.146615, 35], [0.126605, 35], [0.109209, 35], [0.193399, 35], [0.193841, 35], [0.136693, 35], [0.165131, 35], [0.086819, 35], [0.086477, 35], [0.126024, 35], [0.198124, 35], [0.107873, 35], [0.112958, 35], [0.729282, 35], [0.270308, 35], [0.222207, 35], [0.102874, 35], [0.1166, 35], [0.101535, 35], [0.117344, 35], [0.199478, 35], [0.141513, 35], [0.095521, 35], [0.277558, 35], [0.134495, 35], [0.102071, 35], [0.132953, 35], [0.536235, 4], [0.19448, 35], [0.06535, 35], [0.156921, 35], [0.070121, 35], [0.123708, 35], [0.114817, 35], [0.113272, 35], [0.111775, 35], [0.061614, 35], [0.264473, 2], [0.00239, 58], [4.288767, 35], [0.004119, 85], [0.000298, 10]], "columns": 85, "lines": 30, "script": "G1s/MTA0OWgbKEIbW20bWz8xbBs+G1tIG1syShtbPzEybBtbPzI1aBtbPzEwMDBsG1s/MTAwMmwbWz8xMDA2bBtbPzEwMDVsG10xMTIHG1s/MjVsG1sxOzFIG1tLDQobW0sNChtbSw0KG1tLDQobW0sNChtbSw0KG1tLDQobW0sNChtbSw0KG1tLDQobW0sNChtbSw0KG1tLDQobW0sNChtbSw0KG1tLDQobW0sNChtbSw0KG1tLDQobW0sNChtbSw0KG1tLDQobW0sNChtbSw0KG1tLDQobW0sNChtbSw0KG1tLDQobW0sNChtbMzBtG1s0Mm1bMF0gMDpiYXNoKiAgICAgICAgICAgICAgICAgICAgICAgICAgICAgICAgICAgICAgICAgICAgICAgICAgICJ0aXBweSIgMTg6MDQgMTgtTWFpLTE3GyhCG1ttG1szMDsxSBtbMTszMHIbW0gbWz8xMmwbWz8yNWgbWzE7MjlyG1szNG0bWzFtc2Vzc2lvbjEvGyhCG1ttICQgG1sxOzMwchtbSBtbMTJDG1sxOzI5chtbSBtbMTJDcBtbMTszMHIbW0gbWzEzQxtbMTsyOXIbW0gbWzEzQ3cbWzE7MzByG1tIG1sxNEMbWzE7MjlyG1tIG1sxNENkG1sxOzMwchtbSBtbMTVDDQobWzE7MjlyG1tIDQovaG9tZS9tYXJjby9jb2RlL3NtbHouZ2l0aHViLmlvL3RzYmUtMjAxN2ZzL2luZm8xL3Nlc3Npb24xG1sxOzMwchtbSBtbMkIbWzE7MjlyG1tIG1syQhtbMzRtG1sxbXNlc3Npb24xLxsoQhtbbSAkIBtbMTszMHIbW0gbWzM7MTNIG1sxOzI5chtbSBtbMzsxM0gjG1sxOzMwchtbSBtbMzsxNEgbWzE7MjlyG1tIG1szOzE0SCAbWzE7MzByG1tIG1szOzE1SBtbMTsyOXIbW0gbWzM7MTVIRBtbMTszMHIbW0gbWzM7MTZIG1sxOzI5chtbSBtbMzsxNkhyG1sxOzMwchtbSBtbMzsxN0gbWzE7MjlyG1tIG1szOzE3SHUbWzE7MzByG1tIG1szOzE4SBtbMTsyOXIbW0gbWzM7MThIYxtbMTszMHIbW0gbWzM7MTlIG1sxOzI5chtbSBtbMzsxOUhrG1sxOzMwchtbSBtbMzsyMEgbWzE7MjlyG1tIG1szOzIwSCAbWzE7MzByG1tIG1szOzIxSAgbW0sIG1tLCBtbSwgbW0sIG1tLCBtbSxtbMTsyOXIbW0gbWzM7MTVIUBtbMTszMHIbW0gbWzM7MTZICBtbSxtbMTsyOXIbW0gbWzM7MTVIRxtbMTszMHIbW0gbWzM7MTZIG1sxOzI5chtbSBtbMzsxNkhpG1sxOzMwchtbSBtbMzsxN0gbWzE7MjlyG1tIG1szOzE3SGIbWzE7MzByG1tIG1szOzE4SBtbMTsyOXIbW0gbWzM7MThIdBtbMTszMHIbW0gbWzM7MTlIG1sxOzI5chtbSBtbMzsxOUggG1sxOzMwchtbSBtbMzsyMEgbWzE7MjlyG1tIG1szOzIwSGQbWzE7MzByG1tIG1szOzIxSBtbMTsyOXIbW0gbWzM7MjFIYRtbMTszMHIbW0gbWzM7MjJIG1sxOzI5chtbSBtbMzsyMkhzG1sxOzMwchtbSBtbMzsyM0gbWzE7MjlyG1tIG1szOzIzSCAbWzE7MzByG1tIG1szOzI0SBtbMTsyOXIbW0gbWzM7MjRIYRtbMTszMHIbW0gbWzM7MjVIG1sxOzI5chtbSBtbMzsyNUhrG1sxOzMwchtbSBtbMzsyNkgbWzE7MjlyG1tIG1szOzI2SHQbWzE7MzByG1tIG1szOzI3SBtbMTsyOXIbW0gbWzM7MjdIdRtbMTszMHIbW0gbWzM7MjhIG1sxOzI5chtbSBtbMzsyOEhlG1sxOzMwchtbSBtbMzsyOUgbWzE7MjlyG1tIG1szOzI5SGwbWzE7MzByG1tIG1szOzMwSBtbMTsyOXIbW0gbWzM7MzBIbBtbMTszMHIbW0gbWzM7MzFIG1sxOzI5chtbSBtbMzszMUhlG1sxOzMwchtbSBtbMzszMkgbWzE7MjlyG1tIG1szOzMySCAbWzE7MzByG1tIG1szOzMzSBtbMTsyOXIbW0gbWzM7MzNIQRtbMTszMHIbW0gbWzM7MzRIG1sxOzI5chtbSBtbMzszNEhyG1sxOzMwchtbSBtbMzszNUgbWzE7MjlyG1tIG1szOzM1SGIbWzE7MzByG1tIG1szOzM2SBtbMTsyOXIbW0gbWzM7MzZIZRtbMTszMHIbW0gbWzM7MzdIG1sxOzI5chtbSBtbMzszN0hpG1sxOzMwchtbSBtbMzszOEgbWzE7MjlyG1tIG1szOzM4SHQbWzE7MzByG1tIG1szOzM5SBtbMTsyOXIbW0gbWzM7MzlIcxtbMTszMHIbW0gbWzM7NDBIG1sxOzI5chtbSBtbMzs0MEh2G1sxOzMwchtbSBtbMzs0MUgbWzE7MjlyG1tIG1szOzQxSGUbWzE7MzByG1tIG1szOzQySBtbMTsyOXIbW0gbWzM7NDJIchtbMTszMHIbW0gbWzM7NDNIG1sxOzI5chtbSBtbMzs0M0h6G1sxOzMwchtbSBtbMzs0NEgbWzE7MjlyG1tIG1szOzQ0SGUbWzE7MzByG1tIG1szOzQ1SBtbMTsyOXIbW0gbWzM7NDVIaRtbMTszMHIbW0gbWzM7NDZIG1sxOzI5chtbSBtbMzs0NkhmG1sxOzMwchtbSBtbMzs0N0gIG1tLG1sxOzI5chtbSBtbMzs0NkhjG1sxOzMwchtbSBtbMzs0N0gbWzE7MjlyG1tIG1szOzQ3SGgbWzE7MzByG1tIG1szOzQ4SBtbMTsyOXIbW0gbWzM7NDhIbhtbMTszMHIbW0gbWzM7NDlIG1sxOzI5chtbSBtbMzs0OUhpG1sxOzMwchtbSBtbMzs1MEgbWzE7MjlyG1tIG1szOzUwSHMbWzE7MzByG1tIG1szOzUxSBtbMTsyOXIbW0gbWzM7NTFIIBtbMTszMHIbW0gbWzM7NTJIG1sxOzI5chtbSBtbMzs1MkhhG1sxOzMwchtbSBtbMzs1M0gbWzE7MjlyG1tIG1szOzUzSHUbWzE7MzByG1tIG1szOzU0SBtbMTsyOXIbW0gbWzM7NTRIcxtbMTszMHIbW0gbWzM7NTVIDQobWzE7MjlyG1tIG1szQhtbMzRtG1sxbXNlc3Npb24xLxsoQhtbbSAkIBtbMTszMHIbW0gbWzQ7MTNIG1sxOzI5chtbSBtbNDsxM0hleGl0G1sxOzMwchtbSBtbNEIbWzE7MzByGyhCG1ttG1s/MWwbPhtbSBtbMkobXTExMgcbWz8xMmwbWz8yNWgbWz8xMDAwbBtbPzEwMDJsG1s/MTAwNmwbWz8xMDA1bBtbPzEwNDlsW2V4aXRlZF0NCg=="}