{"lines": 30, "columns": 85, "timings": [[0.012545, 365], [0.071529, 49], [8.467034, 31], [0.379645, 31], [4.345917, 2], [0.002881, 60], [0.001976, 58], [14.241744, 35], [0.092404, 35], [0.175064, 35], [0.119001, 35], [0.109342, 35], [0.031795, 35], [0.173199, 35], [0.351579, 4], [0.141855, 4], [0.141181, 4], [0.134632, 4], [0.126246, 4], [0.141755, 4], [0.118523, 4], [0.118426, 1], [0.67587, 35], [0.091051, 35], [0.160985, 35], [0.349063, 35], [0.264258, 4], [0.115835, 4], [0.190548, 35], [0.181555, 35], [0.063774, 35], [0.141219, 35], [0.37105, 36], [0.000816, 1], [1.916454, 35], [0.180775, 35], [0.342544, 2], [6.856255, 502], [18.627297, 131], [0.254379, 34], [0.000751, 133], [0.007646, 2], [0.000215, 75], [5.589467, 267], [3.421604, 31], [0.13828, 31], [0.890383, 4], [0.099717, 31], [0.12049, 2], [0.003863, 87], [0.002108, 58], [49.503221, 133], [2.615945, 35], [0.078629, 35], [0.172245, 35], [0.159422, 35], [0.070419, 35], [0.151074, 35], [4.49195, 35], [0.142555, 35], [0.000158, 35], [0.131508, 35], [0.264909, 35], [0.44498, 35], [0.21069, 35], [0.206096, 35], [0.158866, 35], [0.092743, 35], [0.095433, 35], [0.652409, 35], [0.537676, 2], [0.005759, 58], [0.783598, 35], [0.17132, 35], [0.144334, 2], [0.002698, 118], [0.001604, 58], [48.247231, 133], [42.954596, 35], [0.105801, 35], [0.126744, 35], [8.995474, 35], [5.803227, 35], [2.047271, 133], [2.746441, 35], [0.527172, 2], [0.004491, 37], [0.159341, 647], [8.55816, 42], [1.091988, 4], [0.237336, 2], [0.003999, 164], [0.002146, 60], [46.699449, 134], [60.04427, 134], [60.047455, 134], [60.04119, 134], [60.046296, 134], [60.033431, 134], [60.047415, 134], [60.033487, 134], [52.712875, 37], [0.523011, 37], [0.161596, 2], [0.003836, 120], [0.002185, 60], [3.448097, 39], [0.151503, 37], [0.000104, 37], [0.103822, 37], [0.311013, 4], [0.142451, 4], [0.133755, 4], [0.149957, 4], [0.134178, 4], [0.078396, 135], [0.290367, 37], [0.345706, 4], [0.212938, 37], [0.147351, 37], [0.109933, 37], [0.106469, 37], [0.211407, 37], [0.327681, 4], [0.090347, 37], [0.353878, 2], [0.003894, 164], [0.002249, 60], [5.311777, 37], [0.186601, 37], [0.111479, 37], [0.113112, 37], [0.285605, 37], [0.321736, 37], [0.119067, 37], [0.136479, 37], [0.176178, 2], [0.003093, 164], [0.002291, 60], [22.759652, 37], [0.004588, 85], [0.000254, 10]], "script": "G1s/MTA0OWgbKEIbW20bWz8xbBs+G1tIG1syShtbPzEybBtbPzI1aBtbPzEwMDBsG1s/MTAwMmwbWz8xMDA2bBtbPzEwMDVsG10xMTIHG1s/MjVsG1sxOzFIG1tLDQobW0sNChtbSw0KG1tLDQobW0sNChtbSw0KG1tLDQobW0sNChtbSw0KG1tLDQobW0sNChtbSw0KG1tLDQobW0sNChtbSw0KG1tLDQobW0sNChtbSw0KG1tLDQobW0sNChtbSw0KG1tLDQobW0sNChtbSw0KG1tLDQobW0sNChtbSw0KG1tLDQobW0sNChtbMzBtG1s0Mm1bMF0gMDpiYXNoKiAgICAgICAgICAgICAgICAgICAgICAgICAgICAgICAgICAgICAgICAgICAgICAgICAgICJ0aXBweSIgMTk6NTggMTgtTWFpLTE3GyhCG1ttG1szMDsxSBtbMTszMHIbW0gbWz8xMmwbWz8yNWgbWzE7MjlyG1szNG0bWzFtc2Vzc2lvbjEvGyhCG1ttICQgG1sxOzMwchtbSBtbMTJDG1sxOzI5chtbSBtbMTJDbBtbMTszMHIbW0gbWzEzQxtbMTsyOXIbW0gbWzEzQ3MbWzE7MzByG1tIG1sxNEMNChtbMTsyOXIbW0gNCjAxLmpzb24gIDAyLmpzb24gIDAzLmpzb24gIDA0Lmpzb24bWzE7MzByG1tIG1syQhtbMTsyOXIbW0gbWzJCG1szNG0bWzFtc2Vzc2lvbjEvGyhCG1ttICQgG1sxOzMwchtbSBtbMzsxM0gbWzE7MjlyG1tIG1szOzEzSG4bWzE7MzByG1tIG1szOzE0SBtbMTsyOXIbW0gbWzM7MTRIYRtbMTszMHIbW0gbWzM7MTVIG1sxOzI5chtbSBtbMzsxNUh0G1sxOzMwchtbSBtbMzsxNkgbWzE7MjlyG1tIG1szOzE2SHUbWzE7MzByG1tIG1szOzE3SBtbMTsyOXIbW0gbWzM7MTdIaRtbMTszMHIbW0gbWzM7MThIG1sxOzI5chtbSBtbMzsxOEg5G1sxOzMwchtbSBtbMzsxOUgbWzE7MjlyG1tIG1szOzE5SGwbWzE7MzByG1tIG1szOzIwSAgbW0sIG1tLCBtbSwgbW0sIG1tLCBtbSwgbW0sHG1sxOzI5chtbSBtbMzsxM0huG1sxOzMwchtbSBtbMzsxNEgbWzE7MjlyG1tIG1szOzE0SGEbWzE7MzByG1tIG1szOzE1SBtbMTsyOXIbW0gbWzM7MTVIaRtbMTszMHIbW0gbWzM7MTZIG1sxOzI5chtbSBtbMzsxNkh0G1sxOzMwchtbSBtbMzsxN0gIG1tLCBtbSxtbMTsyOXIbW0gbWzM7MTVIdRtbMTszMHIbW0gbWzM7MTZIG1sxOzI5chtbSBtbMzsxNkh0G1sxOzMwchtbSBtbMzsxN0gbWzE7MjlyG1tIG1szOzE3SGkbWzE7MzByG1tIG1szOzE4SBtbMTsyOXIbW0gbWzM7MThIbBtbMTszMHIbW0gbWzM7MTlIG1sxOzI5chtbSBtbMzsxOUh1cxtbMTszMHIbW0gbWzM7MjFIBxtbMTsyOXIbW0gbWzM7MjFIIBtbMTszMHIbW0gbWzM7MjJIG1sxOzI5chtbSBtbMzsyMkguG1sxOzMwchtbSBtbMzsyM0gNChtbMTsyOXIbW0gbWzNCTmF1dGlsdXMtU2hhcmUtTWVzc2FnZTogQ2FsbGVkICJuZXQgdXNlcnNoYXJlIGluZm8iIGJ1dCBpdCBmYWlsZWQ6ICduZXQgdXNlcnNoYXJlJyByZXR1cm5lZCBlcnJvciAyNTU6IG1rZGlyIGZhaWxlZCBvbiBkaXJlY3RvcnkgL3Zhci9ydW4vc2FtYmEvbXNnLmxvY2s6IFBlcm1pc3Npb24gZGVuaWVkDQpuZXQgdXNlcnNoYXJlOiBjYW5ub3Qgb3BlbiB1c2Vyc2hhcmUgZGlyZWN0b3J5IC92YXIvbGliL3NhbWJhL3VzZXJzaGFyZXMuIEVycm9yIE5vIHN1Y2ggZmlsZSBvciBkaXJlY3RvcnkNClBsZWFzZSBhc2sgeW91ciBzeXN0ZW0gYWRtaW5pc3RyYXRvciB0byBlbmFibGUgdXNlciBzaGFyaW5nLhtbPzI1bBtbMzA7MUgbWzMwbRtbNDJtWzBdIDA6bmF1dGlsdXMqICAgICAgICAgICAgICAgICAgICAgICAgICAgICAgICAgICAgICAgICAgICAgICAidGlwcHkiIDE5OjU4IDE4LU1haS0xNxsoQhtbbRtbMzA7MUgbWzE7MzByG1tIG1sxMEIbWz8xMmwbWz8yNWgbWz8yNWwbWzMwZBtbMzBtG1s0Mm1bMF0gMDpuYXV0aWx1cyogICAgICAgICAgICAgICAgICAgICAgICAgICAgICAgICAgICAgICAgICAgICAgICJ0aXBweSIgMTk6NTkgMTgtTWFpLTE3GyhCG1ttG1sxMTsxSBtbPzEybBtbPzI1aBtbMTsyOXIbW0gbWzEwQl5DG1sxOzMwchtbSBtbMTE7M0gbWz8yNWwbWzMwOzFIG1szMG0bWzQybVswXSAwOmJhc2gqICAgICAgICAgICAgICAgICAgICAgICAgICAgICAgICAgICAgICAgICAgICAgICAgICAgInRpcHB5IiAxOTo1OSAxOC1NYWktMTcbKEIbW20bWzExOzNIG1s/MTJsG1s/MjVoDQobWzE7MjlyG1tIG1sxMUIbWzM0bRtbMW1zZXNzaW9uMS8bKEIbW20gG1szMW0bWzFtJBsoQhtbbSAbWzE7MzByG1tIG1sxMjsxM0gbWzE7MjlyG1tIG1tLDQobW0sbWzFCG1tLG1sxQhtbSxtbMUIbW0sbWzFCG1tLG1sxQhtbSxtbMUIbW0sbWzFCG1tLG1sxQhtbSxtbMUIbW0sbWzFCG1tLG1sxQhtbSxtbMUIbW0sbWzFCG1tLG1sxQhtbSxtbMUIbW0sbWzFCG1tLG1sxQhtbSxtbMUIbW0sbWzFCG1tLG1sxQhtbSxtbMUIbW0sbWzFCG1tLG1sxQhtbSxtbMUIbW0sbWzFCG1tLG1sxQhtbSxtbMUIbW0sbW0gbWzM0bRtbMW1zZXNzaW9uMS8bKEIbW20gG1szMW0bWzFtJBsoQhtbbSAbWzE7MzByG1tIG1sxMkMbWzE7MjlyG1tIG1sxMkNsG1sxOzMwchtbSBtbMTNDG1sxOzI5chtbSBtbMTNDYRtbMTszMHIbW0gbWzE0QwgbW0sbWzE7MjlyG1tIG1sxM0NzG1sxOzMwchtbSBtbMTRDDQobWzE7MjlyG1tIDQobWzM0bRtbMW1UZXN0LU9yZGVyGyhCG1ttICAwMS5qc29uICAwMi5qc29uICAwMy5qc29uICAwNC5qc29uG1sxOzMwchtbSBtbMkIbWzE7MjlyG1tIG1syQhtbMzRtG1sxbXNlc3Npb24xLxsoQhtbbSAkIBtbMTszMHIbW0gbWzM7MTNIG1s/MjVsG1szMDsxSBtbMzBtG1s0Mm1bMF0gMDpiYXNoKiAgICAgICAgICAgICAgICAgICAgICAgICAgICAgICAgICAgICAgICAgICAgICAgICAgICJ0aXBweSIgMjA6MDAgMTgtTWFpLTE3GyhCG1ttG1szOzEzSBtbPzEybBtbPzI1aBtbMTsyOXIbW0gbWzM7MTNIbRtbMTszMHIbW0gbWzM7MTRIG1sxOzI5chtbSBtbMzsxNEhrG1sxOzMwchtbSBtbMzsxNUgbWzE7MjlyG1tIG1szOzE1SGQbWzE7MzByG1tIG1szOzE2SBtbMTsyOXIbW0gbWzM7MTZIaRtbMTszMHIbW0gbWzM7MTdIG1sxOzI5chtbSBtbMzsxN0hyG1sxOzMwchtbSBtbMzsxOEgbWzE7MjlyG1tIG1szOzE4SCAbWzE7MzByG1tIG1szOzE5SBtbMTsyOXIbW0gbWzM7MTlIVBtbMTszMHIbW0gbWzM7MjBIG1sxOzI5chtbSBtbMzsyMEhlG1sxOzMwchtbSBtbMzsyMUgbWzE7MjlyG1tIG1szOzIxSHMbWzE7MzByG1tIG1szOzIySBtbMTsyOXIbW0gbWzM7MjJIdBtbMTszMHIbW0gbWzM7MjNIG1sxOzI5chtbSBtbMzsyM0gtG1sxOzMwchtbSBtbMzsyNEgbWzE7MjlyG1tIG1szOzI0SE8bWzE7MzByG1tIG1szOzI1SBtbMTsyOXIbW0gbWzM7MjVIchtbMTszMHIbW0gbWzM7MjZIG1sxOzI5chtbSBtbMzsyNkhkG1sxOzMwchtbSBtbMzsyN0gbWzE7MjlyG1tIG1szOzI3SG4bWzE7MzByG1tIG1szOzI4SBtbMTsyOXIbW0gbWzM7MjhIZRtbMTszMHIbW0gbWzM7MjlIG1sxOzI5chtbSBtbMzsyOUhyG1sxOzMwchtbSBtbMzszMEgbWzE7MjlyG1tIG1szOzMwSDIbWzE7MzByG1tIG1szOzMxSA0KG1sxOzI5chtbSBtbM0IbWzM0bRtbMW1zZXNzaW9uMS8bKEIbW20gJCAbWzE7MzByG1tIG1s0OzEzSBtbMTsyOXIbW0gbWzQ7MTNIbBtbMTszMHIbW0gbWzQ7MTRIG1sxOzI5chtbSBtbNDsxNEhzG1sxOzMwchtbSBtbNDsxNUgNChtbMTsyOXIbW0gbWzRCG1szNG0bWzFtVGVzdC1PcmRlchsoQhtbbSAgG1szNG0bWzFtVGVzdC1PcmRuZXIyGyhCG1ttICAwMS5qc29uICAwMi5qc29uICAwMy5qc29uICAwNC5qc29uG1sxOzMwchtbSBtbNUIbWzE7MjlyG1tIG1s1QhtbMzRtG1sxbXNlc3Npb24xLxsoQhtbbSAkIBtbMTszMHIbW0gbWzY7MTNIG1s/MjVsG1szMDsxSBtbMzBtG1s0Mm1bMF0gMDpiYXNoKiAgICAgICAgICAgICAgICAgICAgICAgICAgICAgICAgICAgICAgICAgICAgICAgICAgICJ0aXBweSIgMjA6MDEgMTgtTWFpLTE3GyhCG1ttG1s2OzEzSBtbPzEybBtbPzI1aBtbMTsyOXIbW0gbWzY7MTNIbBtbMTszMHIbW0gbWzY7MTRIG1sxOzI5chtbSBtbNjsxNEhzG1sxOzMwchtbSBtbNjsxNUgbWzE7MjlyG1tIG1s2OzE1SCAbWzE7MzByG1tIG1s2OzE2SBtbMTsyOXIbW0gbWzY7MTZILRtbMTszMHIbW0gbWzY7MTdIG1sxOzI5chtbSBtbNjsxN0hhG1sxOzMwchtbSBtbNjsxOEgbWz8yNWwbWzMwOzFIG1szMG0bWzQybVswXSAwOmJhc2gqICAgICAgICAgICAgICAgICAgICAgICAgICAgICAgICAgICAgICAgICAgICAgICAgICAgInRpcHB5IiAyMDowMiAxOC1NYWktMTcbKEIbW20bWzY7MThIG1s/MTJsG1s/MjVoG1sxOzI5chtbSBtbNjsxOEhsG1sxOzMwchtbSBtbNjsxOUgNChtbMTsyOXIbW0gbWzZCdG90YWwgNjBLG1sxOzMwchtbSBtbN0IbWzE7MjlyG1tIG1s3QmRyd3h