{"timings": [[1.365699, 184], [0.675639, 1], [0.074799, 1], [0.207345, 1], [0.070895, 1], [0.093848, 1], [0.070134, 1], [0.94843, 1], [0.096286, 1], [0.340808, 1], [0.207862, 2], [0.045379, 152], [0.003299, 4], [5.787704, 1], [0.161061, 1], [0.716757, 1], [0.102388, 1], [0.778965, 1], [0.133819, 1], [0.093917, 1], [0.164642, 1], [0.112533, 2], [0.000371, 4], [9.087041, 1], [0.100691, 1], [0.088875, 1], [0.304995, 1], [0.137228, 1], [0.237118, 1], [0.124202, 1], [0.098692, 1], [0.179136, 1], [0.33635, 4], [0.201272, 1], [0.19172, 1], [0.134578, 1], [0.147087, 1], [5.568874, 1], [0.212971, 1], [1.062464, 4], [1.399623, 6], [1.273826, 4], [1.929663, 1], [0.252721, 1], [0.071966, 1], [0.076228, 1], [0.086309, 1], [0.428062, 1], [0.874654, 1], [0.956165, 1], [0.350318, 4], [0.29836, 1], [0.263474, 1], [0.230215, 1], [0.187926, 1], [0.423338, 1], [0.09417, 1], [0.141801, 1], [0.10041, 1], [0.166157, 1], [0.071681, 1], [0.917653, 1], [0.048908, 1], [0.379765, 1], [0.054254, 1], [0.155653, 1], [0.134729, 1], [0.246038, 1], [0.069973, 1], [0.071846, 1], [0.745971, 1], [1.000063, 1], [0.25449, 2], [0.02666, 4], [0.857483, 27], [10.02229, 1], [0.170405, 1], [0.219846, 1], [0.140553, 1], [0.135151, 1], [0.363935, 1], [0.117257, 1], [0.094182, 1], [0.132292, 1], [0.104884, 2], [0.000379, 6], [6.1e-05, 4], [53.383234, 2], [0.04106, 184], [1.050882, 6]], "columns": 81, "script": "G10wO21hcmNvQHRpcHB5OiB+L2NvZGUvc21sei5naXRodWIuaW8vdHNiZS0yMDE3ZnMvc2NyaS9zZXNzaW9uMgcbWzAxOzMybW1hcmNvQHRpcHB5G1swMG06IBtbMDE7MzRtfi9jb2RlL3NtbHouZ2l0aHViLmlvL3RzYmUtMjAxN2ZzL3Njcmkvc2Vzc2lvbjIbWzAwbSBbG1swOzMxbW1hc3RlchtbMDszOW1dDQ0KJBtbMDBtIHB5dGhvbjMuNg0KUHl0aG9uIDMuNi4wKyAoZGVmYXVsdCwgRmViICA0IDIwMTcsIDExOjExOjQ2KSANCltHQ0MgNS40LjEgMjAxNjEyMDJdIG9uIGxpbnV4DQpUeXBlICJoZWxwIiwgImNvcHlyaWdodCIsICJjcmVkaXRzIiBvciAibGljZW5zZSIgZm9yIG1vcmUgaW5mb3JtYXRpb24uDQo+Pj4gYSA9IE5vbmUNCj4+PiBpZiBhIGlzIG4IG1tLTm9uZTogCBtbSw0KLi4uICAgICBwcmludCgiTggbW0tBIGlzdCBuaWNodCBnZXNldHp0IikNCi4uLiANCkEgaXN0IG5pY2h0IGdlc2V0enQNCj4+PiBhID09IE5vbmUNClRydWUNCj4+PiANChtdMDttYXJjb0B0aXBweTogfi9jb2RlL3NtbHouZ2l0aHViLmlvL3RzYmUtMjAxN2ZzL3Njcmkvc2Vzc2lvbjIHG1swMTszMm1tYXJjb0B0aXBweRtbMDBtOiAbWzAxOzM0bX4vY29kZS9zbWx6LmdpdGh1Yi5pby90c2JlLTIwMTdmcy9zY3JpL3Nlc3Npb24yG1swMG0gWxtbMDszMW1tYXN0ZXIbWzA7MzltXQ0NCiQbWzAwbSBleGl0DQo=", "lines": 25}