{"timings": [[1.234952, 184], [3.779486, 1], [0.034524, 1], [0.213821, 1], [0.11149, 1], [0.06244, 1], [0.389909, 1], [0.844059, 1], [0.128816, 1], [0.341508, 1], [0.216586, 2], [0.043964, 152], [0.002702, 4], [2.562087, 1], [0.18143, 1], [0.337996, 4], [0.505992, 1], [0.426469, 1], [0.178023, 1], [0.185527, 1], [0.12937, 1], [0.926919, 1], [1.471881, 1], [1.818641, 1], [0.160148, 1], [0.17451, 1], [0.132877, 1], [0.189675, 1], [0.591208, 1], [0.054882, 1], [1.165645, 2], [0.000605, 21], [45.547764, 15], [0.446059, 1], [0.500215, 1], [0.02998, 1], [0.030246, 1], [0.029692, 1], [0.030661, 1], [0.03043, 1], [0.02946, 1], [0.030588, 1], [0.030406, 1], [0.030453, 1], [0.2817, 1], [0.491422, 5], [1.877325, 5], [0.184237, 3], [0.350487, 3], [0.371646, 40], [0.435004, 21], [0.2948, 21], [0.552089, 2], [0.000461, 17], [8e-05, 4], [15.594471, 16], [0.247082, 1], [0.955651, 3], [1.227231, 3], [1.103626, 3], [1.350882, 18], [7.344287, 19], [0.197245, 1], [0.500331, 1], [0.030701, 1], [0.030198, 1], [0.029548, 1], [0.029184, 1], [0.030847, 1], [0.031782, 1], [0.029949, 1], [0.029517, 1], [0.0304, 1], [0.029723, 1], [0.029469, 1], [0.031026, 1], [0.294692, 1], [0.166835, 1], [0.420129, 40], [0.339726, 39], [0.495418, 3], [0.08547, 3], [0.446933, 3], [0.373123, 46], [0.557931, 43], [0.345745, 42], [1.671982, 2], [0.000473, 17], [8.2e-05, 4], [21.544818, 1], [0.213921, 1], [0.07165, 1], [0.076166, 1], [0.313196, 4], [0.141148, 4], [0.141056, 4], [0.151421, 4], [0.141353, 1], [0.151197, 1], [1.174128, 1], [0.236055, 1], [0.039085, 1], [0.0769, 1], [0.107978, 1], [0.238792, 1], [0.935896, 1], [0.650032, 1], [0.05253, 1], [0.127584, 1], [0.166406, 1], [0.198427, 1], [0.426921, 1], [0.214318, 1], [1.773181, 1], [0.103521, 1], [0.123852, 1], [0.183364, 1], [0.728501, 1], [0.354311, 1], [0.152212, 19], [42.65256, 2], [0.035948, 184], [0.543511, 6]], "columns": 81, "script": "G10wO21hcmNvQHRpcHB5OiB+L2NvZGUvc21sei5naXRodWIuaW8vdHNiZS0yMDE3ZnMvc2NyaS9zZXNzaW9uMgcbWzAxOzMybW1hcmNvQHRpcHB5G1swMG06IBtbMDE7MzRtfi9jb2RlL3NtbHouZ2l0aHViLmlvL3RzYmUtMjAxN2ZzL3Njcmkvc2Vzc2lvbjIbWzAwbSBbG1swOzMxbW1hc3RlchtbMDszOW1dDQ0KJBtbMDBtIHB5dGhvbjMuNg0KUHl0aG9uIDMuNi4wKyAoZGVmYXVsdCwgRmViICA0IDIwMTcsIDExOjExOjQ2KSANCltHQ0MgNS40LjEgMjAxNjEyMDJdIG9uIGxpbnV4DQpUeXBlICJoZWxwIiwgImNvcHlyaWdodCIsICJjcmVkaXRzIiBvciAibGljZW5zZSIgZm9yIG1vcmUgaW5mb3JtYXRpb24uDQo+Pj4gIiIIG1tLYSBiIGMiLnNwbGl0KCkNClsnYScsICdiJywgJ2MnXQ0KPj4+ICJhIGIgYyIuc3BsaXQoKQgICAgICAgICAgICAgbWzFQG1sxQCAbW0MbW0MIG1sxUGMiLnNwbGl0KCkNG1tDG1tDG1tDG1tDG1tDG1tDG1tDG1tDXGMiLnNwbGl0KCkICAgICAgICAgIbmMiLnNwbGl0KCkICAgICAgICAgIDQpbJ2EnLCAnYicsICdjJ10NCj4+PiAiYSBiXG5jIi5zcGxpdCgpCCcpCDspCCcpCA0KWydhIGJcbmMnXQ0KPj4+ICJhIGJcbmMiLnNwbGl0KCc7JykICAgICAgICAgICAgICAgICBtbMVBiXG5jIi5zcGxpdCgnOycpDRtbQxtbQxtbQxtbQxtbQxtbQztiXG5jIi5zcGxpdCgnOycpDRtbQxtbQxtbQxtbQxtbQxtbQxtbQxtbQxtbQxtbQwgbWzFQYyIuc3BsaXQoJzsnKQ0bW0MbW0MbW0MbW0MbW0MbW0MbW0MbW0MbW0MIG1sxUGMiLnNwbGl0KCc7JykNG1tDG1tDG1tDG1tDG1tDG1tDG1tDG1tDO2MiLnNwbGl0KCc7JykNG1tDG1tDG1tDG1tDG1tDG1tDG1tDG1tDG1tDDQpbJ2EnLCAnYicsICdjJ10NCj4+PiBwcmluCBtbSwgbW0sIG1tLCBtbSwcHcHJpbnQoJ2hhbGxvXG53ZWx0JykNCmhhbGxvDQp3ZWx0DQo+Pj4gDQobXTA7bWFyY29AdGlwcHk6IH4vY29kZS9zbWx6LmdpdGh1Yi5pby90c2JlLTIwMTdmcy9zY3JpL3Nlc3Npb24yBxtbMDE7MzJtbWFyY29AdGlwcHkbWzAwbTogG1swMTszNG1+L2NvZGUvc21sei5naXRodWIuaW8vdHNiZS0yMDE3ZnMvc2NyaS9zZXNzaW9uMhtbMDBtIFsbWzA7MzFtbWFzdGVyG1swOzM5bV0NDQokG1swMG0gZXhpdA0K", "lines": 25}