{"lines": 25, "columns": 81, "script": "G10wO21hcmNvQHRpcHB5OiB+L2NvZGUvc21sei5naXRodWIuaW8vdHNiZS0yMDE3ZnMvc2NyaS9zZXNzaW9uMgcbWzAxOzMybW1hcmNvQHRpcHB5G1swMG06IBtbMDE7MzRtfi9jb2RlL3NtbHouZ2l0aHViLmlvL3RzYmUtMjAxN2ZzL3Njcmkvc2Vzc2lvbjIbWzAwbSBbG1swOzMxbW1hc3RlchtbMDszOW1dDQ0KJBtbMDBtIHB5dGhvbjMuNg0KUHl0aG9uIDMuNi4wKyAoZGVmYXVsdCwgRmViICA0IDIwMTcsIDExOjExOjQ2KSANCltHQ0MgNS40LjEgMjAxNjEyMDJdIG9uIGxpbnV4DQpUeXBlICJoZWxwIiwgImNvcHlyaWdodCIsICJjcmVkaXRzIiBvciAibGljZW5zZSIgZm9yIG1vcmUgaW5mb3JtYXRpb24uDQo+Pj4gaW1wb3J0IHN5cw0KPj4+IHN5cy5zdGRlCBtbS291dCAgIyBOb3JtYWxlIHN0YW5kYXJkIG91dHB1dA0KPF9pby5UZXh0SU9XcmFwcGVyIG5hbWU9JzxzdGRvdXQ+JyBtb2RlPSd3JyBlbmNvZGluZz0nVVRGLTgnPg0KPj4+IHN5cy5zdGRlcnIgICAjIAgbW0sIG1tLCBtbSyMgRmVobGVyYXVzZ2FicmVrCBtbSwgbW0sIG1tLZWthbmFsDQo8X2lvLlRleHRJT1dyYXBwZXIgbmFtZT0nPHN0ZGVycj4nIG1vZGU9J3cnIGVuY29kaW5nPSdVVEYtOCc+DQo+Pj4gDQo+Pj4gcHJpbnQoIkVSUk9SOiBTZQgbW0tvbWV0aGluZyB3ZW50IHdyb25nISIsIGZpbGUgc3lzCBtbSwgbW0sIG1tLCBtbSz1zeXMuc3RkZXJyKQ0KRVJST1I6IFNvbWV0aGluZyB3ZW50IHdyb25nIQ0KPj4+IA0KG10wO21hcmNvQHRpcHB5OiB+L2NvZGUvc21sei5naXRodWIuaW8vdHNiZS0yMDE3ZnMvc2NyaS9zZXNzaW9uMgcbWzAxOzMybW1hcmNvQHRpcHB5G1swMG06IBtbMDE7MzRtfi9jb2RlL3NtbHouZ2l0aHViLmlvL3RzYmUtMjAxN2ZzL3Njcmkvc2Vzc2lvbjIbWzAwbSBbG1swOzMxbW1hc3RlchtbMDszOW1dDQ0KJBtbMDBtIGV4aXQNCg==", "timings": [[1.237322, 184], [0.863787, 1], [0.059351, 1], [0.230907, 1], [0.03099, 1], [0.077149, 1], [0.087391, 1], [0.596341, 1], [0.103669, 1], [0.451716, 1], [0.209818, 2], [0.042027, 152], [0.002979, 4], [1.720326, 1], [0.164158, 1], [0.166508, 1], [0.183498, 1], [0.140753, 1], [0.131379, 1], [0.130642, 1], [0.146771, 1], [0.180816, 1], [0.103439, 1], [0.361424, 6], [0.786406, 1], [0.381927, 1], [0.134353, 1], [0.857026, 1], [0.139191, 1], [0.222775, 1], [0.164758, 1], [0.895564, 1], [0.593009, 4], [0.189346, 1], [0.092782, 1], [0.149428, 1], [0.673033, 1], [0.189001, 1], [0.394609, 1], [0.255713, 1], [0.515584, 1], [0.117386, 1], [0.163109, 1], [0.136603, 1], [0.107911, 1], [0.073493, 1], [0.147148, 1], [0.144826, 1], [0.675024, 1], [0.935139, 1], [0.092931, 1], [0.256265, 1], [0.100223, 1], [0.141458, 1], [0.143631, 1], [0.171883, 1], [0.122153, 1], [0.622016, 1], [0.100622, 1], [0.204189, 1], [0.128078, 1], [0.174501, 1], [0.14154, 1], [0.424976, 69], [1.49843, 1], [0.171992, 1], [0.047257, 1], [0.417012, 1], [0.130304, 1], [0.21526, 1], [0.166533, 1], [0.318234, 1], [0.158311, 1], [0.141008, 1], [0.664325, 1], [0.133825, 1], [0.867911, 1], [0.346027, 1], [0.136282, 1], [1.066809, 4], [0.150733, 4], [0.150664, 4], [0.94293, 1], [0.257033, 1], [0.467029, 1], [0.155754, 1], [0.110275, 1], [0.127036, 1], [0.086091, 1], [0.078968, 1], [0.371169, 1], [0.126506, 1], [0.09465, 1], [0.406944, 1], [0.091672, 1], [0.208295, 1], [0.173739, 1], [0.000326, 1], [0.210952, 1], [0.296415, 4], [0.159437, 4], [0.133227, 4], [0.284063, 1], [0.342924, 1], [0.139458, 1], [0.109945, 1], [0.10934, 1], [0.122938, 1], [1.119303, 69], [2.165533, 6], [0.485102, 1], [0.260943, 1], [0.087675, 1], [0.077655, 1], [0.132029, 1], [0.74267, 1], [1.729572, 1], [0.360092, 1], [0.229043, 1], [0.158462, 1], [0.078457, 1], [0.100672, 1], [0.999213, 1], [0.071579, 1], [0.96836, 1], [0.317497, 1], [0.409432, 4], [0.172511, 1], [0.06212, 1], [0.147384, 1], [0.261858, 1], [0.04806, 1], [0.069879, 1], [0.093708, 1], [0.141581, 1], [0.088471, 1], [0.17815, 1], [0.079962, 1], [0.157231, 1], [0.157492, 1], [0.13761, 1], [0.21852, 1], [0.206929, 1], [0.127822, 1], [0.093486, 1], [0.130801, 1], [1.007438, 1], [0.277312, 1], [0.655048, 1], [0.207433, 1], [0.347104, 1], [0.12713, 1], [0.142514, 1], [0.123992, 1], [0.120501, 1], [0.192867, 1], [0.18461, 1], [0.053916, 1], [0.288628, 4], [0.134288, 4], [0.126364, 4], [0.15752, 4], [0.270102, 1], [0.553502, 1], [0.124129, 1], [0.11893, 1], [0.232702, 1], [0.180654, 1], [0.215078, 1], [0.182497, 1], [0.000654, 1], [0.811632, 1], [0.141759, 1], [0.358229, 1], [1.068962, 2], [0.000274, 30], [5.2e-05, 4], [4.637182, 2], [0.051588, 184], [0.234469, 6]]}