{"script": "G10wO21hcmNvQHRpcHB5OiB+L2NvZGUvc21sei5naXRodWIuaW8vdHNiZS0yMDE3ZnMvc2NyaS9zZXNzaW9uMgcbWzAxOzMybW1hcmNvQHRpcHB5G1swMG06IBtbMDE7MzRtfi9jb2RlL3NtbHouZ2l0aHViLmlvL3RzYmUtMjAxN2ZzL3Njcmkvc2Vzc2lvbjIbWzAwbSBbG1swOzMxbW1hc3RlchtbMDszOW1dDQ0KJBtbMDBtIHB5dGhvbjMuNg0KUHl0aG9uIDMuNi4wKyAoZGVmYXVsdCwgRmViICA0IDIwMTcsIDExOjExOjQ2KSANCltHQ0MgNS40LjEgMjAxNjEyMDJdIG9uIGxpbnV4DQpUeXBlICJoZWxwIiwgImNvcHlyaWdodCIsICJjcmVkaXRzIiBvciAibGljZW5zZSIgZm9yIG1vcmUgaW5mb3JtYXRpb24uDQo+Pj4gIiIIG1tLYSBiIGMiLnNwbGl0KCkNClsnYScsICdiJywgJ2MnXQ0KPj4+IFtdCCddCGFdCCddCCxdCCBdCCddCGJdCCddCCxdCCBdCGNdCAgbWzFQXQgnXQgsXQggXQgIG1sxUF0ICBtbMVBdCGNdCCddCA0KWydhJywgJ2InLCAnYyddDQo+Pj4gWzEsMiwzXQgICAggMiwzXQgICAgbW0MbW0MgM10ICA0KWzEsIDIsIDNdDQo+Pj4gInZvcm5hbWUsIAgbW0sIG1tLIG5hY2huYW1lIHBscwgbW0t6IG9ydCB0bGUIG1tLCBtbS2VsIi5zcGxpdCgpDQpbJ3Zvcm5hbWUnLCAnbmFjaG5hbWUnLCAncGx6JywgJ29ydCcsICd0ZWwnXQ0KPj4+ICcsJy5qb2luKF8pCBtbSwgbW0sidm9ybmFtZSBuYWNobmFtZSBwbHogb3J0IHRlbCIuc3BsaXQoKSkNCid2b3JuYW1lLG5hY2huYW1lLHBseixvcnQsdGVsJw0KPj4+ICc7Jy5qb2luKFsnYScsICdiJywgJ2MnXSkNCidhO2I7YycNCj4+PiANChtdMDttYXJjb0B0aXBweTogfi9jb2RlL3NtbHouZ2l0aHViLmlvL3RzYmUtMjAxN2ZzL3Njcmkvc2Vzc2lvbjIHG1swMTszMm1tYXJjb0B0aXBweRtbMDBtOiAbWzAxOzM0bX4vY29kZS9zbWx6LmdpdGh1Yi5pby90c2JlLTIwMTdmcy9zY3JpL3Nlc3Npb24yG1swMG0gWxtbMDszMW1tYXN0ZXIbWzA7MzltXQ0NCiQbWzAwbSAqIFNjd2hpCBtbSwgbW0sIG1tLd2kIG1tLCBtbS2h3aW1tZW4IG1tLCBtbSwgbW0sIG1tLCBtbSwgbW0sIG1tLCBtbSwgbW0sIG1tLCBtbSwcHBwcHBwcHBwcHZXhpdA0K", "columns": 81, "lines": 25, "timings": [[1.441743, 184], [2.214478, 1], [0.160279, 1], [0.265685, 1], [0.126495, 1], [0.078911, 1], [0.093796, 1], [0.692327, 1], [0.151545, 1], [0.33374, 1], [0.207686, 2], [0.049976, 152], [0.003283, 4], [3.877533, 1], [0.093578, 1], [0.537006, 4], [0.137718, 1], [0.426444, 1], [0.112664, 1], [0.298352, 1], [0.148005, 1], [1.389098, 1], [0.751736, 1], [0.14736, 1], [0.145192, 1], [0.205157, 1], [0.211296, 1], [0.174352, 1], [0.279408, 1], [0.062873, 1], [0.196935, 2], [0.000277, 17], [5.3e-05, 4], [7.45446, 1], [0.298852, 1], [0.507241, 1], [1.531216, 3], [0.169674, 3], [0.977642, 3], [0.237657, 3], [0.112427, 3], [0.565458, 3], [0.236072, 3], [0.376037, 3], [0.292376, 3], [0.096306, 3], [0.538567, 3], [0.808713, 7], [0.18957, 3], [0.373947, 3], [0.13532, 3], [0.534582, 7], [0.52588, 7], [0.122869, 3], [0.816586, 3], [0.453603, 2], [0.000227, 17], [5.1e-05, 4], [17.399308, 1], [0.465518, 1], [0.281594, 1], [0.140237, 1], [0.151205, 1], [0.230406, 1], [0.931809, 1], [0.386093, 1], [0.130825, 1], [0.151231, 1], [0.15885, 1], [0.307219, 9], [0.149736, 3], [0.174163, 3], [0.511234, 5], [0.980955, 17], [20.125528, 1], [11.76829, 1], [0.134249, 1], [0.165458, 1], [0.133162, 1], [0.084045, 1], [0.120468, 1], [0.124917, 1], [0.176834, 1], [0.136623, 1], [0.348626, 4], [0.148051, 4], [0.159418, 1], [0.789455, 1], [0.098106, 1], [0.214656, 1], [0.143741, 1], [0.223126, 1], [0.132503, 1], [0.117905, 1], [0.140932, 1], [0.378466, 1], [0.949953, 1], [0.16471, 1], [0.252864, 1], [0.407598, 4], [0.084794, 1], [0.16917, 1], [2.299267, 1], [0.150404, 1], [0.278575, 1], [0.14397, 1], [0.274598, 1], [0.112179, 1], [0.106918, 1], [0.639873, 4], [0.13407, 4], [0.078675, 1], [0.116002, 1], [1.291675, 1], [7.273021, 1], [0.188282, 1], [0.097154, 1], [0.19504, 1], [0.223221, 1], [0.228744, 1], [0.26281, 1], [0.062585, 1], [0.550238, 2], [0.000357, 46], [8.1e-05, 4], [28.995453, 1], [0.708577, 1], [0.808015, 1], [0.853479, 1], [0.636156, 1], [0.103397, 1], [0.085554, 1], [0.109845, 1], [0.636568, 1], [14.954191, 1], [0.386475, 1], [1.726356, 4], [0.158018, 4], [7.295855, 1], [0.000104, 3], [3.6e-05, 1], [4.5e-05, 2], [7.1e-05, 4], [4.6e-05, 2], [3.4e-05, 1], [3.4e-05, 2], [4.8e-05, 1], [5.5e-05, 2], [3.6e-05, 2], [3.7e-05, 1], [3.2e-05, 1], [3.6e-05, 1], [3.8e-05, 2], [4.5e-05, 1], [5.5e-05, 2], [4.8e-05, 1], [4.2e-05, 1], [3.6e-05, 1], [4.3e-05, 2], [4.3e-05, 1], [5e-05, 1], [5.8e-05, 2], [1.109876, 1], [0.765552, 38], [6.215436, 1], [0.786349, 1], [1.424031, 1], [2.795273, 1], [1.016002, 1], [0.110469, 1], [0.051943, 1], [0.079339, 1], [0.669965, 1], [0.868335, 1], [0.389493, 1], [1.00636, 1], [0.642671, 1], [0.340775, 1], [0.080574, 1], [0.291583, 1], [0.237392, 1], [0.287432, 1], [0.580888, 1], [0.080308, 1], [0.261234, 1], [0.227658, 1], [0.216145, 1], [1.475844, 1], [1.149524, 1], [0.86784, 2], [0.000179, 9], [5.2e-05, 4], [7.980911, 2], [0.0333, 184], [26.032726, 1], [0.216816, 1], [0.881565, 1], [0.19001, 1], [0.373642, 1], [0.439997, 1], [0.20571, 1], [0.271764, 4], [0.142107, 4], [0.141676, 4], [0.226678, 1], [0.207937, 1], [0.503723, 4], [0.133017, 4], [0.235506, 1], [0.245912, 1], [0.101855, 1], [0.143516, 1], [0.134407, 1], [0.083792, 1], [0.096701, 1], [0.36728, 4], [0.500639, 4], [0.029966, 4], [0.032395, 4], [0.030021, 4], [0.030638, 4], [0.029747, 4], [0.030971, 4], [0.030102, 4], [0.029424, 4], [0.030436, 4], [0.029641, 1], [0.029909, 1], [0.03031, 1], [0.031228, 1], [0.028797, 1], [0.03077, 1], [0.029776, 1], [0.031492, 1], [0.030618, 1], [0.029638, 1], [0.03007, 1], [1.280539, 6]]}