{"timings": [[1.314854, 184], [9.134047, 1], [0.079714, 1], [0.211091, 1], [0.055026, 1], [0.060655, 1], [0.078964, 1], [0.540902, 1], [0.093431, 1], [0.375062, 1], [0.119134, 2], [0.041325, 152], [0.002525, 4], [3.26669, 11], [6.526842, 1], [0.133914, 1], [0.126919, 1], [0.37412, 4], [0.132653, 4], [0.133861, 4], [0.142219, 1], [0.124979, 1], [0.239906, 1], [0.270423, 1], [0.142574, 1], [0.141233, 1], [0.17914, 1], [0.000225, 1], [0.084596, 1], [0.140385, 1], [0.000252, 1], [0.076066, 1], [0.337711, 1], [0.131711, 1], [0.608125, 1], [0.790481, 2], [0.000287, 15], [0.000419, 4], [0.822762, 13], [0.787992, 1], [0.315801, 1], [0.247161, 1], [0.221654, 1], [0.114533, 1], [0.09208, 1], [0.531848, 1], [0.015646, 1], [2.181269, 2], [0.000321, 10], [6.9e-05, 4], [11.051116, 21], [0.253883, 1], [0.500785, 1], [0.029487, 1], [0.030361, 1], [0.028834, 1], [0.029317, 1], [0.030351, 1], [0.031004, 1], [0.029802, 1], [0.166146, 1], [0.153013, 1], [0.437452, 3], [0.317201, 23], [2.187218, 21], [0.24538, 21], [0.552288, 25], [0.133532, 25], [2.339815, 22], [0.746223, 25], [0.417505, 21], [0.422684, 21], [0.320284, 2], [0.000246, 10], [7.6e-05, 4], [16.174431, 1], [0.221908, 1], [0.416125, 1], [0.158478, 1], [0.275668, 1], [0.227143, 1], [0.208139, 1], [0.157386, 1], [0.277943, 1], [0.724996, 1], [0.246668, 1], [0.920414, 1], [0.237025, 1], [0.790469, 1], [0.197827, 2], [0.000391, 75], [0.000379, 59], [6.5e-05, 4], [3.342912, 14], [0.216078, 1], [0.165965, 1], [0.165433, 1], [0.172985, 1], [1.050815, 9], [0.696294, 13], [0.319082, 3], [0.234853, 7], [0.55284, 2], [0.075316, 101], [4.8e-05, 176], [34.934764, 19], [0.000937, 2], [0.000216, 4], [0.330973, 15], [0.221596, 1], [0.374444, 10], [0.39801, 37], [0.382395, 1], [0.500185, 1], [0.030699, 1], [0.030724, 1], [0.029639, 1], [0.029852, 1], [0.030067, 1], [0.029381, 1], [0.030566, 1], [0.029736, 1], [0.031247, 1], [0.028711, 1], [0.030655, 1], [0.030268, 1], [0.03014, 1], [0.031344, 1], [0.030613, 1], [0.812255, 3], [0.185631, 3], [0.365936, 5], [0.132756, 5], [0.151204, 5], [0.494406, 5], [0.286585, 3], [0.438211, 5], [0.124149, 5], [0.568415, 5], [0.176763, 5], [0.213719, 5], [0.253643, 13], [0.236188, 5], [0.093275, 5], [0.158786, 5], [0.14947, 5], [0.079389, 5], [0.086217, 5], [0.151415, 2], [0.000193, 14], [2.4e-05, 4], [12.527172, 2], [0.047581, 184], [2.844395, 6]], "lines": 25, "columns": 81, "script": "G10wO21hcmNvQHRpcHB5OiB+L2NvZGUvc21sei5naXRodWIuaW8vdHNiZS0yMDE3ZnMvc2NyaS9zZXNzaW9uMgcbWzAxOzMybW1hcmNvQHRpcHB5G1swMG06IBtbMDE7MzRtfi9jb2RlL3NtbHouZ2l0aHViLmlvL3RzYmUtMjAxN2ZzL3Njcmkvc2Vzc2lvbjIbWzAwbSBbG1swOzMxbW1hc3RlchtbMDszOW1dDQ0KJBtbMDBtIHB5dGhvbjMuNg0KUHl0aG9uIDMuNi4wKyAoZGVmYXVsdCwgRmViICA0IDIwMTcsIDExOjExOjQ2KSANCltHQ0MgNS40LjEgMjAxNjEyMDJdIG9uIGxpbnV4DQpUeXBlICJoZWxwIiwgImNvcHlyaWdodCIsICJjcmVkaXRzIiBvciAibGljZW5zZSIgZm9yIG1vcmUgaW5mb3JtYXRpb24uDQo+Pj4gG1tIG1sySj4+PiAgICAIG1tLCBtbSwgbW0sHBycgICBkc2Zkc2YgICcNCicgICBkc2Zkc2YgICcNCj4+PiAnICAgZHNmZHNmICAnLnN0cmlwKCkNCidkc2Zkc2YnDQo+Pj4gJyAgIGRzZmRzZiAgJy5zdHJpcCgpCAgICAgICAgICAgbW0MbW0MgJy5zdHJpcCgpCAgICAgICAgICHwgJy5zdHJpcCgpCAgICAgICAgICG4gJy5zdHJpcCgpCAgICAgICAgICAgbWzFQICcuc3RyaXAoKQgICAgICAgICAgIG1sxUCAnLnN0cmlwKCkICAgICAgICAgIwqsgJy5zdHJpcCgpCAgICAgICAgICAgbWzFQICcuc3RyaXAoKQgICAgICAgICAhcICcuc3RyaXAoKQgICAgICAgICAhuICcuc3RyaXAoKQgICAgICAgICAgNCidkc2Zkc2YnDQo+Pj4gaGVscChzdHIuc3RpcCkNClRyYWNlYmFjayAobW9zdCByZWNlbnQgY2FsbCBsYXN0KToNCiAgRmlsZSAiPHN0ZGluPiIsIGxpbmUgMSwgaW4gPG1vZHVsZT4NCkF0dHJpYnV0ZUVycm9yOiB0eXBlIG9iamVjdCAnc3RyJyBoYXMgbm8gYXR0cmlidXRlICdzdGlwJw0KPj4+IGhlbHAoc3RyLnN0aXApCAgICHJ0aXApCAgICAgbWzFQdGlwKQgICAgbW0NyaXApCAgIDQobWz8xMDQ5aBtbPzFoGz0NSGVscCBvbiBtZXRob2RfZGVzY3JpcHRvcjoNCg0KG1sxbXN0cmlwG1swbSguLi4pDQogICAgUy5zdHJpcChbY2hhcnNdKSAtPiBzdHINCiAgICANCiAgICBSZXR1cm4gYSBjb3B5IG9mIHRoZSBzdHJpbmcgUyB3aXRoIGxlYWRpbmcgYW5kIHRyYWlsaW5nDQogICAgd2hpdGVzcGFjZSByZW1vdmVkLg0KICAgIElmIGNoYXJzIGlzIGdpdmVuIGFuZCBub3QgTm9uZSwgcmVtb3ZlIGNoYXJhY3RlcnMgaW4gY2hhcnMgaW5zdGVhZC4NChtbN20oRU5EKRtbMjdtG1tLDRtbSxtbPzFsGz4bWz8xMDQ5bA0KPj4+IGhlbHAoc3RyLnN0cmlwKQgICAgbWzFQaXApDRtbQxtbQxtbQxtbQycgICBkc2Zkc2YgIFxuICcuc3RyaXAoKQgICAgICAgICAgICAgICAgIG1tDG1tDCBtbMVAIG1sxUBtbMVAICBtbMVAbW0MIG1sxUAgbWzFQG1sxQFMbWzFAaxtbMUBpG1tDG1tDG1sxQCAICBtbMUBmG1sxQGEbWzFAaBtbMUByG1sxQGUbWzFAbg0KJ1NraSBmYWhyZW4nDQo+Pj4gDQobXTA7bWFyY29AdGlwcHk6IH4vY29kZS9zbWx6LmdpdGh1Yi5pby90c2JlLTIwMTdmcy9zY3JpL3Nlc3Npb24yBxtbMDE7MzJtbWFyY29AdGlwcHkbWzAwbTogG1swMTszNG1+L2NvZGUvc21sei5naXRodWIuaW8vdHNiZS0yMDE3ZnMvc2NyaS9zZXNzaW9uMhtbMDBtIFsbWzA7MzFtbWFzdGVyG1swOzM5bV0NDQokG1swMG0gZXhpdA0K"}