{"columns": 81, "timings": [[1.337531, 184], [0.410928, 1], [0.140614, 1], [0.105162, 1], [0.078708, 1], [0.119711, 1], [3.317359, 1], [0.101103, 1], [0.109671, 9], [0.352211, 2], [0.034098, 51], [0.000808, 14], [0.000108, 65], [0.00019, 39], [0.003015, 12], [0.000302, 1366], [0.5607, 4], [0.501104, 4], [0.029929, 4], [0.029487, 4], [0.028621, 4], [0.032427, 4], [0.02968, 5], [0.030959, 5], [0.030219, 5], [0.028916, 5], [0.031114, 5], [0.409298, 3], [0.970054, 3], [1.315862, 5], [0.879203, 8], [0.70269, 3], [0.765879, 2], [0.322594, 63], [0.3515, 17], [0.187433, 17], [0.144053, 17], [0.149742, 17], [0.541585, 6], [0.078176, 1], [0.242914, 1], [0.159323, 17], [0.211503, 1], [0.178804, 17], [0.525707, 3], [0.135181, 17], [0.879876, 3], [0.064821, 1], [0.213195, 1], [0.149559, 1], [0.18089, 1], [0.240644, 1], [0.588077, 1], [0.246973, 1], [0.565188, 1], [0.192289, 1], [0.198054, 1], [0.340041, 1], [0.069482, 1], [127.535606, 189], [0.260961, 320], [0.245932, 6], [7.5e-05, 63], [0.000446, 82], [0.034085, 184], [1.069412, 1], [0.105307, 1], [0.225235, 1], [0.062528, 1], [0.055317, 1], [0.100865, 1], [0.581195, 1], [0.102599, 1], [0.439479, 1], [0.08687, 2], [0.044969, 152], [0.004007, 4], [2.521227, 1], [0.219336, 1], [0.18716, 1], [0.087177, 1], [0.762996, 1], [0.505291, 1], [0.14918, 1], [0.140428, 1], [0.141616, 1], [0.07804, 1], [0.118917, 1], [6.2e-05, 1], [0.033856, 1], [0.015123, 1], [0.04602, 1], [0.289107, 4], [0.133192, 4], [0.125169, 4], [0.141645, 4], [0.124868, 4], [0.134217, 4], [0.338954, 1], [0.480909, 4], [0.197243, 1], [0.165359, 1], [0.233678, 1], [0.125168, 1], [0.148659, 1], [0.088282, 1], [0.201106, 1], [0.088602, 1], [0.145178, 1], [0.275559, 1], [1.4562, 1], [0.157168, 1], [0.094131, 1], [0.135327, 1], [0.125085, 1], [0.509817, 2], [0.00033, 4], [1.265566, 1], [0.114553, 2], [0.000118, 22], [8.7e-05, 4], [3.187806, 1], [0.43287, 1], [0.243123, 1], [0.511325, 1], [0.197907, 1], [1.447379, 1], [0.118227, 1], [0.702261, 1], [0.061204, 1], [0.196845, 2], [0.000221, 14], [9.1e-05, 4], [2.619387, 1], [0.161993, 2], [0.000126, 22], [5.3e-05, 4], [28.606705, 1], [0.686826, 8], [1.021716, 13], [0.536131, 28], [0.192755, 29], [0.198133, 32], [0.102541, 19], [1.693099, 2], [0.000504, 4], [4.050592, 1], [0.377578, 20], [21.525628, 1], [0.173826, 12], [0.894164, 19], [0.206257, 8], [0.388478, 19], [0.3434, 23], [0.603643, 2], [0.000341, 4], [2.53084, 1], [0.215829, 1], [3.509708, 1], [0.229399, 1], [0.173931, 1], [0.055879, 1], [0.086524, 1], [0.316819, 1], [0.039387, 1], [3.092571, 1], [0.126525, 1], [0.933446, 4], [1.765729, 1], [0.143156, 1], [0.150788, 1], [0.138928, 1], [0.078493, 1], [0.326041, 1], [0.054943, 1], [2.821359, 1], [1.342777, 1], [0.205098, 1], [0.156211, 1], [0.120532, 1], [0.045074, 1], [0.261641, 1], [0.04656, 1], [2.341657, 1], [0.756465, 1], [0.099611, 1], [0.201722, 1], [0.198318, 1], [0.138449, 1], [0.173753, 1], [0.3135, 4], [0.058502, 1], [0.158539, 1], [0.640062, 1], [6.038963, 1], [0.221852, 1], [0.758342, 1], [2.285206, 1], [0.039764, 1], [1.165825, 1], [0.356396, 1], [1.035967, 1], [0.567005, 1], [12.328664, 2], [0.000422, 14], [8.3e-05, 4], [126.941921, 1], [0.121453, 2], [0.000209, 22], [0.00015, 4], [1.818288, 1], [0.890294, 1], [0.285527, 1], [0.000881, 1], [0.085933, 1], [0.306587, 4], [0.157017, 4], [0.294259, 1], [0.484515, 1], [0.133828, 1], [0.687056, 2], [0.000129, 4], [0.850317, 1], [0.562101, 10], [57.062586, 2], [0.216027, 184], [1.029372, 1], [0.185989, 1], [0.082393, 1], [0.078109, 1], [0.08705, 1], [0.301698, 1], [0.130913, 1], [0.238331, 1], [0.054627, 1], [0.047379, 1], [0.17756, 1], [0.784126, 1], [1.291601, 20], [0.717468, 18], [0.261583, 1], [0.521859, 2], [9.8e-05, 2], [0.0276, 192], [0.217854, 1], [0.107867, 1], [0.112238, 1], [0.087844, 1], [0.590774, 1], [0.595459, 1], [0.016461, 2], [3e-05, 142], [2.2e-05, 197], [1.509148, 1], [0.086745, 1], [0.128152, 9], [0.333409, 2], [0.030594, 37], [5.4e-05, 14], [0.0006, 14], [0.000282, 104], [0.001863, 12], [0.000214, 1358], [1.053487, 4], [0.500511, 4], [0.029792, 4], [0.02793, 4], [0.029652, 4], [0.030445, 4], [0.030907, 5], [0.031299, 5], [0.220227, 5], [0.197498, 5], [0.158092, 5], [16.294419, 39], [0.034438, 184], [1.069629, 1], [0.065426, 1], [0.201109, 1], [0.030899, 1], [0.076039, 1], [0.061628, 1], [0.573977, 1], [0.080101, 1], [0.189119, 1], [0.464573, 4], [0.172176, 1], [0.151512, 1], [0.612505, 1], [0.092699, 1], [0.172604, 9], [0.291081, 2], [0.063558, 22], [1.052113, 1], [0.000202, 1], [0.15285, 1], [0.387286, 3], [0.141582, 3], [0.102233, 3], [1.889569, 1], [0.186718, 1], [0.055709, 1], [0.15591, 1], [0.103361, 47], [1.246751, 1], [0.112012, 1], [0.15825, 1], [0.135071, 1], [0.116139, 1], [0.103754, 1], [0.100738, 1], [0.381443, 3], [0.501566, 3], [0.029977, 3], [0.030576, 3], [0.028304, 3], [0.030503, 3], [0.029764, 3], [0.685547, 1], [0.222034, 1], [0.132484, 1], [0.126706, 1], [0.110057, 1], [0.117193, 1], [0.211474, 1], [0.000199, 1], [0.142721, 1], [0.047962, 1], [0.30133, 1], [0.108607, 1], [0.173972, 1], [0.1099, 1], [0.078544, 1], [0.147768, 1], [0.103646, 1], [0.077801, 1], [0.068538, 1], [0.112157, 1], [0.631005, 1], [0.967924, 1], [0.254659, 1], [0.717783, 1], [0.305389, 3], [0.27057, 3], [0.142717, 3], [0.284721, 1], [0.246354, 1], [0.181399, 1], [0.427439, 1], [0.214317, 1], [0.148318, 1], [0.10961, 1], [0.097361, 1], [0.16482, 1], [0.141852, 1], [0.093401, 1], [0.109107, 1], [0.137985, 86], [0.027536, 177], [4.5e-05, 7], [26.932097, 6]],