{"lines": 23, "timings": [[1.282408, 184], [5.393851, 20], [0.718089, 10], [0.366731, 20], [0.19008, 68], [0.566853, 63], [0.462299, 68], [0.333698, 63], [0.33361, 68], [0.285854, 63], [0.446743, 68], [0.310113, 63], [0.406003, 68], [0.214581, 63], [0.510825, 2], [9.4e-05, 2], [0.040725, 192], [1.151202, 1], [0.121641, 1], [0.191763, 1], [0.111388, 1], [0.000369, 1], [0.114766, 1], [0.641389, 4], [0.141406, 4], [0.220466, 1], [0.0788, 1], [0.134139, 1], [0.455075, 4], [0.133741, 4], [0.141071, 4], [0.126164, 4], [0.293151, 1], [0.141952, 1], [0.140842, 1], [0.702631, 1], [0.120024, 1], [0.341144, 1], [0.135634, 2], [0.044473, 151], [0.002902, 4], [13.726889, 1], [0.119533, 1], [0.10084, 1], [0.213711, 1], [1.302893, 1], [0.038834, 1], [0.260659, 2], [0.000403, 4], [0.000115, 4], [5.9419, 1], [0.046322, 1], [0.604651, 10], [0.664415, 2], [0.000255, 5], [0.30173, 2], [0.645044, 2], [2.784801, 5], [0.905683, 5], [0.204334, 5], [0.078537, 5], [0.854216, 6], [5.14397, 6], [0.470391, 1], [2.443323, 3], [6.053175, 3], [0.214836, 3], [0.077817, 3], [0.190523, 3], [0.14015, 3], [0.280663, 3], [0.15835, 3], [0.158015, 3], [0.147598, 3], [0.135442, 3], [0.775995, 7], [0.134717, 7], [0.109679, 7], [0.089732, 3], [0.135605, 3], [0.096278, 3], [0.872017, 7], [0.485353, 3], [0.731643, 3], [0.093596, 3], [0.55864, 3], [0.146606, 3], [0.151578, 3], [0.237563, 3], [0.07885, 3], [0.174389, 3], [0.140855, 3], [0.061406, 3], [0.150189, 3], [1.713119, 3], [1.012571, 3], [0.088633, 3], [2.093359, 3], [0.630203, 3], [0.181076, 3], [0.195966, 3], [0.183796, 3], [0.173864, 3], [0.171667, 3], [0.104282, 3], [0.991914, 3], [0.501511, 3], [0.095179, 3], [0.57374, 7], [0.142348, 7], [0.243275, 3], [0.103876, 3], [1.81254, 3], [0.282059, 3], [0.128448, 3], [0.086004, 3], [0.116242, 3], [0.127502, 3], [0.110689, 3], [0.510842, 3], [3.106626, 1], [0.387616, 9], [0.157252, 9], [0.142493, 9], [0.141924, 9], [0.142535, 9], [0.157638, 9], [0.418942, 5], [0.712296, 6], [0.204559, 5], [0.133918, 5], [0.135144, 5], [0.131807, 5], [6.395403, 3], [0.716001, 3], [0.046904, 3], [4.376066, 7], [0.141285, 7], [0.566613, 2], [0.00065, 4], [3.906373, 1], [1.375907, 1], [0.247129, 1], [9.7e-05, 1], [0.491462, 4], [0.132794, 4], [0.590798, 1], [0.374125, 1], [0.188088, 1], [0.181423, 1], [0.120271, 1], [0.172536, 1], [0.124827, 1], [0.094911, 1], [0.895748, 1], [0.764888, 1], [0.253928, 2], [0.000348, 11], [7.9e-05, 4], [16.365102, 1], [0.227939, 1], [0.213642, 1], [0.102698, 1], [0.221499, 1], [0.090571, 1], [0.482981, 1], [0.158222, 1], [0.195709, 1], [0.095933, 1], [1.652872, 1], [0.62336, 4], [0.188738, 1], [0.335311, 1], [5.405907, 1], [0.061504, 1], [0.19123, 1], [0.55567, 1], [0.273232, 12], [17.648764, 1], [0.614455, 4], [0.707756, 1], [0.169047, 1], [0.30186, 4], [0.493111, 1], [0.412447, 1], [5.699749, 1], [0.167138, 1], [0.17565, 1], [0.101155, 1], [0.196257, 1], [0.577767, 1], [1.201911, 1], [0.520768, 2], [0.000326, 75], [0.000391, 19], [8.4e-05, 4], [16.541756, 1], [0.216381, 1], [0.500676, 1], [0.077688, 1], [0.149093, 1], [0.36643, 1], [0.758886, 1], [0.675015, 1], [0.190263, 1], [0.152731, 1], [0.077872, 1], [0.162654, 1], [0.522044, 1], [1.020315, 1], [0.254112, 2], [0.000457, 4], [6.647394, 14], [0.391938, 1], [0.611005, 3], [0.047164, 3], [0.228729, 3], [0.932796, 3], [0.172516, 3], [0.124656, 3], [0.126736, 3], [0.182076, 3], [0.096219, 3], [0.139942, 3], [0.095891, 3], [0.163802, 3], [0.311164, 3], [0.219326, 3], [0.120721, 3], [0.085102, 3], [0.149505, 3], [0.485289, 3], [1.032414, 3], [0.360654, 1], [0.500733, 1], [0.030531, 1], [0.030121, 1], [0.030149, 1], [0.029521, 1], [0.028414, 1], [0.031313, 1], [0.030538, 1], [0.03033, 1], [0.031969, 1], [0.03018, 1], [0.030965, 1], [0.154624, 1], [0.16642, 1], [0.149738, 1], [0.152839, 5], [0.681658, 2], [0.000391, 20], [0.000128, 4], [3.576782, 34], [0.229719, 1], [0.206502, 1], [0.157593, 1], [0.737806, 7], [0.095939, 2], [0.000436, 21], [8.2e-05, 4], [25.62384, 1], [0.895925, 1], [0.828863, 1], [0.153572, 1], [0.160912, 1], [0.175433, 1], [0.070678, 1], [0.132961, 1], [1.405787, 1], [0.203905, 1], [0.094771, 1], [0.236941, 4], [0.142622, 4], [0.133826, 4], [0.629296, 1], [1.081783, 1], [0.198582, 1], [0.517316, 1], [0.125285, 1], [0.637535, 1], [0.205086, 1], [0.115869, 1], [0.134744, 1], [0.133575, 1], [0.11806, 1], [0.649195, 1], [0.18965, 6], [1.320795, 20], [0.198866, 50], [1.591072, 11], [0.684292, 7], [0.533409, 15], [8.788425, 1], [0.39335, 2], [0.000333, 67], [0.000108, 4], [22.471671, 1], [0.279643, 1], [0.151381, 1], [0.101002, 1], [2.291751, 1], [0.065247, 1], [0.1546, 1], [0.071907, 1], [0.156356, 1], [0.04709, 1], [0.155682, 1], [0.057239, 1], [0.147232, 1], [0.078456, 1], [0.040896, 1], [1.363342, 1], [0.679867, 1], [0.198483, 6], [0.87337, 4], [0.775542, 1], [0.132925, 1], [0.086223, 1], [0.064206, 1], [0.086383, 1], [0.213118, 1], [0.459191, 1], [0.160658, 1], [0.099963, 1], [0.182927, 1], [0.0931, 1], [0.102748, 1], [0.125572, 1], [0.549888, 1], [0.247175, 6], [0.662134, 33], [7.201736, 18], [0.214097, 34], [0.670097, 1], [0.50073, 1], [0.0305, 1], [0.121462, 1], [0.174654, 1], [0.151316, 1], [0.379358, 5], [0.149166, 5], [0.142581, 5], [0.140867, 5], [0.15147, 5], [0.125617, 5], [0.157992, 5], [0.484984, 5], [0.124268, 5], [0.188707, 5], [1.80955, 6], [2.284368, 4], [0.416929, 1], [0.195895, 1], [0.056065, 1], [0.077068, 1], [0.100841, 1], [0.222475, 1], [2.092554, 1], [0.89093, 1], [5.352864, 1], [0.069779, 1], [0.477719, 1], [0.875213, 3], [0.140246, 3], [0.164845, 3], [0.524418, 3], [0.562495, 1], [0.324331, 1], [0.063645, 1], [1.618915, 1], [0.06174, 1], [0.527136, 1], [1.128563, 3], [10.723516, 3], [0.051957, 3], [0.441728, 1], [1.202513, 5], [0.139155, 5], [0.285198, 5], [1.693826, 6], [0.982498, 1], [0.422579, 1], [2.877332, 6], [0.847731, 62], [1.18443, 30], [0.159034, 31], [0.77039, 6], [0.817771, 13], [0.213406, 43], [0.751002, 1], [0.579125, 7], [0.499991, 7], [0.030793, 7], [0.029036, 7], [0.031295, 7], [0.029807, 7], [0.029537, 7], [0.030068, 7], [0.030374, 7], [0.030076, 7], [0.030819, 7], [0.030401, 7], [0.030955, 7], [0.030066, 7], [0.029375, 7], [0.03016, 7], [0.030669, 7], [0.156298, 7], [0.158313, 7], [2.533517, 3], [0.092204, 3], [0.234201, 3], [0.800828, 3], [0.063226, 3], [0.454263, 3], [0.981433, 3], [0.780626, 3], [0.277705, 3], [0.149472, 3], [1.493339, 3], [0.975867, 3], [0.460026, 3], [0.156011, 3], [0.181485, 3], [0.672756, 3], [0.669095, 7], [0.403177, 3], [0.664057, 6], [0.68461, 2], [0.000311, 56], [9.6e-05, 4], [72.441278, 2], [0.039366, 184], [1.526041, 6]], "columns": 91,