{"lines": 24, "script": "G10wO21hcmNvQHRpcHB5OiB+L2NvZGUvc21sei5naXRodWIuaW8vdHNiZS0yMDE2ZnMvc2NyaS9zZXNzaW9uMwcbWzAxOzMybW1hcmNvQHRpcHB5G1swMG06IBtbMDE7MzRtfi9jb2RlL3NtbHouZ2l0aHViLmlvL3RzYmUtMjAxNmZzL3Njcmkvc2Vzc2lvbjMbWzAwbSBbG1swOzMxbW1hc3RlchtbMDszOW1dDQ0KJBtbMDBtIHB5dGhvbjMNClB5dGhvbiAzLjQuMysgKGRlZmF1bHQsIE9jdCAxNCAyMDE1LCAxNjowMzo1MCkgDQpbR0NDIDUuMi4xIDIwMTUxMDEwXSBvbiBsaW51eA0KVHlwZSAiaGVscCIsICJjb3B5cmlnaHQiLCAiY3JlZGl0cyIgb3IgImxpY2Vuc2UiIGZvciBtb3JlIGluZm9ybWF0aW9uLg0KPj4+IGZpcggbW0sIG1tLb3IgZmVsbggbW0tkbmFtZSBpbiAicGx6IG9ydCIuc3BsaXQoKToNCi4uLiAgICAgcHJpbnQgCBtbSyhmZWxkbmFtZSkNCi4uLiANCnBseg0Kb3J0DQo+Pj4gICAgIHByaW50KGZlbGRuYW1lKQ0bW0MbW0MbW0MbW0Nmb3IgZmVsZG5hbWUgaW4gInBseiBvcnQiLnNwbGl0KCk6CAgICAgICAgICAgICAgICAgIG1sxQGUbWzFAbhtbMUBuG1sxQHUbWzFAbRtbMUBlG1sxQHIbWzFAYRtbMUB0G1sxQGUbWzFAKAgICAgICAgICBtbMVAIG1tDG1tDG1tDG1tDG1tDG1tDG1tDG1tDG1tDG1tDG1tDG1tDG1tDG1tDG1tDG1tDG1tDG1tDG1tDG1tDG1tDG1tDG1tDG1tDG1tDG1tDG1tDCCk6CAgICAgICAgICAgICAgICAgICAgICAgICAgICAgICAgICAgICAgICAgbWzFAaRtbMUBkG1sxQHgIG1sxUAgbWzFQG1sxQG4bWzFAeBtbMUBkCBtbMVAbWzFAZQgbWzFQCBtbMVAbWzFAZBtbMUBlG1sxQHgbWzFALBtbMUAgG1tDG1tDG1tDG1tDG1tDG1tDG1tDG1tDG1tDG1tDG1tDG1tDG1tDG1tDG1tDG1tDG1tDG1tDG1tDG1tDG1tDG1tDG1tDG1tDG1tDG1tDG1tDG1tDG1tDG1tDG1tDG1tDG1tDG1tDG1tDG1tDG1tDG1tDG1tDG1tDG1tDDQouLi4gICAgIHByaW50KGluZGV4LCBmZWxkbmFtZSkNCi4uLiANCjAgcGx6DQoxIG9ydA0KPj4+IA0KG10wO21hcmNvQHRpcHB5OiB+L2NvZGUvc21sei5naXRodWIuaW8vdHNiZS0yMDE2ZnMvc2NyaS9zZXNzaW9uMwcbWzAxOzMybW1hcmNvQHRpcHB5G1swMG06IBtbMDE7MzRtfi9jb2RlL3NtbHouZ2l0aHViLmlvL3RzYmUtMjAxNmZzL3Njcmkvc2Vzc2lvbjMbWzAwbSBbG1swOzMxbW1hc3RlchtbMDszOW1dDQ0KJBtbMDBtIGV4aXQNCg==", "columns": 80, "timings": [[0.852164, 184], [1.523588, 1], [0.106535, 1], [0.255559, 1], [0.031509, 1], [0.077401, 1], [0.118139, 1], [1.300694, 1], [0.161204, 2], [0.013515, 80], [6.8e-05, 72], [0.001359, 4], [7.526467, 1], [0.167063, 1], [0.29307, 1], [0.328476, 4], [0.110099, 4], [0.39704, 1], [0.132564, 1], [0.110237, 1], [0.205857, 1], [0.197523, 1], [0.144026, 1], [0.189196, 1], [0.680059, 4], [0.067011, 1], [0.327093, 1], [0.076043, 1], [0.105021, 1], [0.164073, 1], [0.121004, 1], [0.714687, 1], [0.086508, 1], [0.088031, 1], [4.401548, 1], [0.400147, 1], [0.157569, 1], [0.212983, 1], [0.536209, 1], [0.189058, 1], [0.14081, 1], [0.181787, 1], [0.628136, 1], [0.471622, 1], [0.435486, 1], [0.105152, 1], [0.173571, 1], [0.17358, 1], [0.220989, 1], [0.253999, 1], [0.071631, 1], [0.923192, 1], [1.030275, 2], [0.000162, 4], [0.498051, 4], [0.39348, 1], [0.188031, 1], [0.094239, 1], [0.095455, 1], [0.404489, 1], [0.088687, 1], [0.677901, 4], [0.203735, 1], [0.796132, 1], [0.189554, 1], [0.159993, 1], [0.172098, 1], [0.182969, 1], [0.1, 1], [0.118292, 1], [0.096856, 1], [0.541115, 1], [0.3421, 2], [8.4e-05, 4], [0.230257, 2], [0.000131, 3], [3.3e-05, 7], [6.5e-05, 4], [1.848448, 19], [0.558138, 47], [0.670241, 1], [0.500483, 1], [0.050982, 1], [0.050162, 1], [0.050978, 1], [0.051133, 1], [0.050368, 1], [0.04982, 1], [0.050938, 1], [0.050899, 1], [0.050255, 1], [0.049918, 1], [0.050301, 1], [0.050418, 1], [0.050244, 1], [0.050512, 1], [0.214756, 1], [0.166181, 1], [0.424637, 5], [0.175007, 5], [0.198136, 5], [0.270066, 5], [0.182055, 5], [0.087067, 5], [0.212572, 5], [0.109493, 5], [0.238576, 5], [0.038514, 5], [1.125718, 5], [0.793055, 1], [0.499615, 1], [0.050031, 1], [0.05017, 1], [0.050715, 1], [0.050082, 1], [0.050126, 1], [0.050095, 1], [0.049919, 1], [0.761348, 5], [1.040834, 81], [0.958048, 1], [0.609742, 3], [0.704561, 1], [0.500729, 1], [0.05003, 1], [0.050474, 1], [0.050668, 1], [0.050209, 1], [0.050733, 1], [0.049839, 1], [0.049584, 1], [0.049847, 1], [0.05101, 1], [0.050112, 1], [0.050293, 1], [0.050585, 1], [0.050638, 1], [0.050416, 1], [0.050514, 1], [0.049917, 1], [0.050536, 1], [0.050684, 1], [0.049394, 1], [0.050455, 1], [0.049625, 1], [0.050739, 1], [0.050531, 1], [0.050552, 1], [0.050693, 1], [0.050344, 1], [0.05035, 1], [0.050704, 1], [0.050402, 1], [0.050009, 1], [0.050446, 1], [0.050237, 1], [0.050376, 1], [0.049787, 1], [0.050265, 1], [0.0497, 1], [0.050269, 1], [0.165046, 1], [0.474216, 5], [0.140487, 5], [0.485716, 5], [0.305578, 5], [0.158017, 5], [0.348053, 5], [0.15657, 5], [0.198478, 5], [0.473208, 5], [0.138971, 5], [0.369119, 5], [0.125995, 5], [0.107436, 5], [0.189769, 5], [0.245521, 5], [0.35205, 5], [0.072504, 5], [21.364773, 123], [0.275714, 2], [0.163603, 4], [0.486567, 4], [0.401622, 1], [0.179982, 1], [0.072002, 1], [0.069612, 1], [0.102471, 1], [0.204074, 1], [0.213015, 1], [0.086403, 1], [0.069132, 1], [0.172996, 1], [0.197609, 1], [0.15199, 1], [0.110212, 1], [0.636788, 1], [0.102652, 1], [0.159107, 1], [0.460076, 1], [0.183051, 1], [0.100003, 1], [0.112196, 1], [0.116998, 1], [0.73521, 1], [0.157993, 2], [8.8e-05, 4], [0.974285, 7], [0.000143, 13], [4.434829, 2], [0.019153, 177], [8.8e-05, 7], [0.186717, 6]]}