{"columns": 80, "script": "UHl0aG9uIDMuNC4zKyAoZGVmYXVsdCwgT2N0IDE0IDIwMTUsIDE2OjAzOjUwKSANCltHQ0MgNS4yLjEgMjAxNTEwMTBdIG9uIGxpbnV4DQpUeXBlICJoZWxwIiwgImNvcHlyaWdodCIsICJjcmVkaXRzIiBvciAibGljZW5zZSIgZm9yIG1vcmUgaW5mb3JtYXRpb24uDQo+Pj4gaGVscChrYW50b25lLmdldCkNG1tDG1tDG1tDG1tDG1s2UGthbnRvbmUuZ2V0DRtbQxtbQxtbQxtbQxtbMlBhcHBlbnplbGwNG1tDG1tDG1tDG1tDICAgIGFwcGVuemVsbCA9ICJVbmJla2FubnQiDRtbQxtbQxtbQxtbQxtbMTFQZXhjZXB0IEtleUVycm9yOg0bW0MbW0MbW0MbW0MgICAgYXBwZW56ZWxsID0ga2FudG9uZVsnQUknXQ0bW0MbW0MbW0MbW0N0cnk6G1tLCAgICGthbnRvbmVbIkFJIl0ICAgIQkUiXQgICAgICCA9IHsiQkUiOiAiQmVybiIsICJaSCI6ICJUc8O8cmkifQ0bW0MbW0MbW0MbW0MbWzE0UCAgICBwcmludChrZXksJzonLCB2YWx1ZSkNG1tDG1tDG1tDG1tDa2FudG9uZSA9IHsiQkUiOiAiQmVybiIsICJaSCI6ICJUc8O8cmkifQ0KPj4+IGthbnRvbmVbJ2EIG1tLQUknXQ0KVHJhY2ViYWNrIChtb3N0IHJlY2VudCBjYWxsIGxhc3QpOg0KICBGaWxlICI8c3RkaW4+IiwgbGluZSAxLCBpbiA8bW9kdWxlPg0KS2V5RXJyb3I6ICdBSScNCj4+PiBrYW50b25lWydBSSddCBtbSwgbW0sIG1tLCBtbSwgbW0sIG1tLLmdldFsIG1tLKCdBSScpDQo+Pj4ga2FudG9uZS5nZXQoJ0FJJykICAgbWzFQJykICAgbWzFQJykICEInKQgIRScpCAgNCidCZXJuJw0KPj4+IGthbnRvbmUuZ2V0KCdCRScpCAgICEFJJykICBtbQywpCCApCCcpCDwpCHkpCAgbWzFQKQh1KQhuKQhiKQhlKQhrKQhhKQhuKQhuKQh0KQgnKQgIPicpCAgNCic8dW5iZWthbm50PicNCj4+PiANCg==", "timings": [[0.898792, 152], [0.00144, 4], [2.538646, 17], [0.0701, 28], [0.500568, 26], [0.049818, 40], [0.463738, 34], [0.190044, 42], [0.238116, 20], [0.277954, 17], [0.302222, 8], [0.406061, 39], [0.29408, 43], [0.52513, 53], [1.004668, 2], [0.000194, 4], [4.005216, 1], [0.102466, 1], [0.115226, 1], [0.127309, 1], [0.111662, 1], [0.164895, 1], [0.173051, 1], [0.647701, 1], [0.38906, 1], [0.178484, 1], [0.570167, 4], [0.161057, 1], [0.120544, 1], [0.798177, 1], [0.412083, 1], [0.198491, 2], [0.082024, 36], [7.1e-05, 39], [5.7e-05, 16], [6.3e-05, 4], [1.382569, 13], [1.723748, 4], [0.166166, 4], [0.150055, 4], [0.149968, 4], [0.150108, 4], [0.134016, 4], [0.429097, 1], [0.15652, 1], [0.118473, 1], [0.14157, 1], [0.967305, 1], [0.757614, 4], [0.331619, 1], [0.654065, 1], [0.233533, 1], [0.256615, 1], [1.294223, 1], [0.308579, 1], [0.74215, 2], [0.000182, 4], [5.665652, 17], [0.998276, 1], [0.445866, 1], [0.403742, 9], [0.141979, 9], [0.426613, 5], [0.229575, 5], [0.408094, 2], [0.162243, 12], [0.838432, 17], [0.221986, 8], [0.574149, 1], [0.174042, 1], [0.548459, 3], [1.25204, 3], [0.080586, 3], [5.269584, 3], [0.778538, 3], [8.1e-05, 3], [0.520103, 7], [0.651992, 3], [0.158172, 3], [0.229624, 3], [0.143353, 3], [0.117636, 3], [0.131537, 3], [0.126172, 3], [0.127901, 3], [0.133446, 3], [0.744245, 3], [0.58492, 1], [0.223292, 5], [0.704799, 2], [0.163637, 19], [15.601665, 2]], "lines": 24}