{"lines": 24, "columns": 80, "timings": [[0.857286, 152], [0.001709, 4], [19.814539, 1], [0.433565, 1], [0.304522, 1], [0.204135, 1], [0.800162, 1], [0.404513, 1], [1.094882, 1], [0.464826, 13], [0.378768, 24], [0.173577, 15], [0.069063, 15], [0.189988, 15], [0.030471, 15], [0.144059, 15], [0.57268, 15], [0.113407, 15], [0.194106, 2], [0.000177, 4], [2.378274, 1], [0.194068, 1], [0.172477, 1], [0.054621, 1], [0.056046, 1], [1.220209, 1], [0.125504, 1], [0.102496, 1], [0.180607, 1], [0.054525, 1], [1.704339, 2], [0.000171, 6], [4.2e-05, 4], [4.905249, 10], [0.286182, 1], [0.500348, 1], [0.050104, 1], [0.050194, 1], [0.050887, 1], [0.050295, 1], [0.050639, 1], [0.213694, 1], [0.19002, 1], [0.230134, 1], [0.911328, 5], [0.193476, 3], [0.296599, 5], [0.544548, 2], [0.000138, 7], [6.4e-05, 4], [14.109571, 30], [0.55807, 47], [0.123636, 147], [0.105045, 150], [0.22038, 81], [0.126204, 17], [0.61299, 63], [0.470459, 60], [0.413766, 44], [0.350092, 136], [0.599686, 12], [6.7e-05, 2], [0.000133, 4], [8.599063, 1], [0.217598, 1], [0.224576, 1], [0.854082, 1], [0.110673, 1], [0.188311, 1], [0.11859, 1], [0.071947, 1], [0.459635, 1], [0.139557, 1], [0.081255, 1], [0.14824, 1], [0.102206, 1], [0.071449, 1], [0.101151, 1], [0.679973, 2], [0.000131, 5], [3.6e-05, 2], [3.5e-05, 4], [5.269415, 1], [0.26113, 1], [0.336527, 1], [1.369346, 1], [0.401085, 4], [1.445747, 1], [0.122605, 1], [0.474061, 4], [0.137066, 1], [0.117812, 1], [0.169271, 1], [0.317991, 4], [0.286148, 4], [0.227345, 1], [0.00025, 1], [0.666583, 4], [0.542135, 4], [0.29963, 1], [0.766174, 1], [0.150446, 1], [0.4526, 1], [0.094467, 1], [0.072122, 1], [0.547618, 1], [0.100043, 1], [0.109568, 1], [0.167455, 1], [0.094145, 1], [0.071359, 1], [0.101024, 1], [0.550138, 1], [0.342096, 2], [8.8e-05, 4], [0.62605, 4], [0.369427, 1], [0.179991, 1], [0.056208, 1], [0.093534, 1], [0.148602, 1], [0.614112, 1], [0.380474, 1], [0.310079, 4], [0.337672, 1], [0.58249, 1], [0.180224, 1], [0.117964, 1], [0.253998, 1], [0.149005, 1], [0.119078, 1], [0.805608, 1], [0.538162, 1], [0.342513, 1], [0.606699, 2], [9.2e-05, 4], [1.182244, 2], [0.000161, 4], [18.846115, 2]], "script": "UHl0aG9uIDMuNC4zKyAoZGVmYXVsdCwgT2N0IDE0IDIwMTUsIDE2OjAzOjUwKSANCltHQ0MgNS4yLjEgMjAxNTEwMTBdIG9uIGxpbnV4DQpUeXBlICJoZWxwIiwgImNvcHlyaWdodCIsICJjcmVkaXRzIiBvciAibGljZW5zZSIgZm9yIG1vcmUgaW5mb3JtYXRpb24uDQo+Pj4gWzEsMiwzXQ0bW0MbW0MbW0MbW0NsWzEsMiwzXQ0bW0MbW0MbW0MbW0MbW0NpWzEsMiwzXQgICAgICAhzWzEsMiwzXQgICAgICAh0WzEsMiwzXQgICAgICAhlWzEsMiwzXQgICAgICAggWzEsMiwzXQgICAgICAg9WzEsMiwzXQgICAgICAggWzEsMiwzXQgICAgICAgNCj4+PiAxIGluIGxpc3RlDQpUcnVlDQo+Pj4gMSBpbiBsaXN0ZQgICAgICAgICAgbWzFAIhtbQxtbMUAiDQpGYWxzZQ0KPj4+IA0bWzE4QChyZXZlcnNlLWktc2VhcmNoKWAnOhtbQwgICGsnOiBrYW50b25lLmdldCgnQUknLCAnPHVuYmVrYW5udD4nKQgICAgICAgIDRtbQxtbQxtbQxtbQxtbQxtbQxtbQxtbQxtbQxtbQxtbQxtbQxtbQxtbQxtbQxtbQxtbQxtbQxtbQxtbQxtbMUBhG1tDG1tDG1tDG1tDG1tDG1tDG1tDG1tDG1tDG1tDG1tDG1tDG1tDG1tDG1tDG1tDG1tDG1tDG1tDG1tDG1tDG1tDG1tDG1tDG1tDG1tDG1tDDRtbQxtbQxtbQxtbQxtbQxtbQxtbQxtbQxtbQxtbQxtbQxtbQxtbQxtbQxtbQxtbQxtbQxtbQxtbQxtbQxtbQxtbMUBuG1tDG1tDG1tDG1tDG1tDG1tDG1tDG1tDG1tDG1tDG1tDG1tDG1tDG1tDG1tDG1tDG1tDG1tDG1tDG1tDG1tDG1tDG1tDG1tDG1tDG1tDG1tDDRtbQxtbQxtbQxtbQxtbQxtbQxtbQxtbQxtbQxtbQxtbQxtbQxtbQxtbQxtbQxtbQxtbQxtbQxtbQxtbQxtbQxtbQxtbMUB0G1tDG1tDG1tDCAgIG1sxQG8bW0MbW0MbW0MbW0MbW0MbW0MbW0MbW0MbW0MbW0MbW0MbW0MbW0MbW0MbW0MbW0NCRScpG1tLCAgICAgICAgICAgICAgICAgbW0MbW0MbW0MbW0MbW0MbW0MbW0MbW0MbW0MbW0MbW0MbW0MbW0NBSScpCAgICAgICAgICAgICAgICAgbW0MbW0MbW0MbW0MbW0MbW0MbW0MbWzRQWydBSSddCAgICAgICAgICAgICBtbQxtbQxtbQxtbQxtbQxtbQxtbQyA9IHsiQkUiOiAiQmVybiIsICJaSCI6ICJUc8O8cmkifQ0bW0MbW0MbW0MbW0MbW0MbW0MbW0MbW0MbW0MbW0MbW0MbW0MbW0MbW0MbW0MbW0MbW0MbW0MbW0MbW0MbW0MbW0MbW0MbW0MbW0MbW0MbW0MNG1syM1A+Pj4bW0MNCj4+PiAnQUknIGluIGthbnRvbmUNCkZhbHNlDQo+Pj4gaWYgQQgbW0snYQgbW0tBaSAIG1tLCBtbS09JCBtbSwgbW0tJJyBpbiBrYW50b25lOg0KLi4uICAgICBwcmludChPCBtbSyJPaCBqZWghIikNCi4uLiANCj4+PiANCg=="}