{"lines": 23, "columns": 73, "timings": [[0.817285, 184], [1.095794, 1], [1.002766, 1], [0.271334, 1], [0.110486, 1], [0.03233, 1], [0.133039, 1], [0.908256, 1], [0.097202, 2], [0.040295, 152], [0.00517, 4], [2.983787, 1], [0.1108, 1], [0.142236, 1], [0.173875, 1], [0.100407, 1], [0.190129, 1], [0.041583, 1], [0.258011, 1], [0.293035, 1], [0.271372, 1], [0.070554, 1], [0.512407, 2], [0.071758, 75], [8.2e-05, 37], [7.2e-05, 4], [1.624696, 11], [0.504975, 1], [0.175192, 1], [6.7e-05, 1], [0.437704, 4], [0.150342, 4], [0.444611, 1], [0.102496, 1], [0.156175, 1], [0.496602, 2], [0.000176, 4], [8.173405, 1], [0.990819, 1], [0.085463, 1], [0.273359, 4], [0.145299, 4], [0.000105, 1], [0.222225, 1], [0.134541, 1], [0.357598, 1], [0.088032, 1], [0.125269, 1], [0.101332, 1], [0.511112, 1], [0.283756, 1], [0.132995, 1], [0.159955, 1], [0.062201, 1], [0.216066, 2], [0.000177, 25], [3.4e-05, 4], [0.784363, 13], [0.466774, 1], [0.564636, 1], [0.104685, 1], [0.291758, 1], [0.172257, 1], [0.458122, 4], [0.126366, 4], [0.103636, 1], [0.128112, 1], [0.238037, 1], [0.47166, 1], [0.071605, 1], [0.212986, 2], [0.000204, 27], [7.7e-05, 4], [14.388289, 21], [0.942808, 13], [0.408723, 38], [0.0966, 41], [0.162994, 46], [0.200556, 47], [0.214055, 50], [0.274391, 53], [0.18803, 56], [0.598154, 2], [0.000227, 4], [1.018673, 1], [0.393537, 4], [0.115553, 1], [0.104522, 1], [0.155034, 1], [0.133014, 1], [0.206074, 1], [0.680931, 1], [1.493409, 1], [0.135255, 1], [0.086112, 1], [0.42057, 1], [0.086314, 1], [0.728178, 2], [0.000212, 1], [4.2e-05, 2], [7.9e-05, 4], [4.323911, 1], [0.11853, 1], [0.293607, 1], [0.297154, 4], [0.142008, 4], [0.134032, 4], [0.115496, 1], [0.10983, 1], [9.6e-05, 1], [0.147901, 1], [0.148831, 1], [0.258075, 4], [0.134084, 4], [0.141983, 4], [0.134064, 4], [0.541139, 1], [0.16405, 1], [0.134429, 1], [0.196959, 1], [0.296832, 1], [0.42806, 1], [0.126049, 1], [0.197118, 1], [0.122985, 2], [0.000131, 3], [5.3e-05, 4], [17.397926, 2], [0.03149, 184], [0.916745, 6]], "script": "G10wO21hcmNvQHRpcHB5OiB+L2NvZGUvc21sei5naXRodWIuaW8vdHNiZS0yMDE2ZnMvc2NyaS9zZXNzaW9uNAcbWzAxOzMybW1hcmNvQHRpcHB5G1swMG06IBtbMDE7MzRtfi9jb2RlL3NtbHouZ2l0aHViLmlvL3RzYmUtMjAxNmZzL3Njcmkvc2Vzc2lvbjQbWzAwbSBbG1swOzMxbW1hc3RlchtbMDszOW1dDQ0KJBtbMDBtIHB5dGhvbjMNClB5dGhvbiAzLjQuMysgKGRlZmF1bHQsIE9jdCAxNCAyMDE1LCAxNjowMzo1MCkgDQpbR0NDIDUuMi4xIDIwMTUxMDEwXSBvbiBsaW51eA0KVHlwZSAiaGVscCIsICJjb3B5cmlnaHQiLCAiY3JlZGl0cyIgb3IgImxpY2Vuc2UiIGZvciBtb3JlIGluZm9ybWF0aW9uLg0KPj4+IGltcG9ydCBkYXRlDQpUcmFjZWJhY2sgKG1vc3QgcmVjZW50IGNhbGwgbGFzdCk6DQogIEZpbGUgIjxzdGRpbj4iLCBsaW5lIDEsIGluIDxtb2R1bGU+DQpJbXBvcnRFcnJvcjogTm8gbW9kdWxlIG5hbWVkICdkYXRlJw0KPj4+IGltcG9ydCBkYXRldG9pCBtbSwgbW0tpbWUNCj4+PiBkdGEIG1tLCBtbS2F0ZXRpbWUuZGF0ZQ0KPGNsYXNzICdkYXRldGltZS5kYXRlJz4NCj4+PiBkYXRldGltZS5kYXRlLnRvcmEIG1tLCBtbS2RheSgpDQpkYXRldGltZS5kYXRlKDIwMTYsIDQsIDEpDQo+Pj4gZGF0ZXRpbWUuZGF0ZS50b2RheSgpDRtbQxtbQxtbQxtbQ3RkYXRldGltZS5kYXRlLnRvZGF5KCkNG1tDG1tDG1tDG1tDG1tDb2RhdGV0aW1lLmRhdGUudG9kYXkoKQ0bW0MbW0MbW0MbW0MbW0MbW0MbW0NkYXRldGltZS5kYXRlLnRvZGF5KCkNG1tDG1tDG1tDG1tDG1tDG1tDG1tDYWRhdGV0aW1lLmRhdGUudG9kYXkoKQ0bW0MbW0MbW0MbW0MbW0MbW0MbW0MbW0N5ZGF0ZXRpbWUuZGF0ZS50b2RheSgpDRtbQxtbQxtbQxtbQxtbQxtbQxtbQxtbQxtbQyBkYXRldGltZS5kYXRlLnRvZGF5KCkNG1tDG1tDG1tDG1tDG1tDG1tDG1tDG1tDG1tDG1tDPWRhdGV0aW1lLmRhdGUudG9kYXkoKQ0bW0MbW0MbW0MbW0MbW0MbW0MbW0MbW0MbW0MbW0MbW0MNCj4+PiBkCBtbS3RvZGF5Lm1vbnRoDQo0DQo+Pj4gZG9kCBtbSwgbW0sIG1tLdHBvZGEIG1tLCBtbSwgbW0sIG1tLb2RheS5kYXkNCjENCj4+PiANChtdMDttYXJjb0B0aXBweTogfi9jb2RlL3NtbHouZ2l0aHViLmlvL3RzYmUtMjAxNmZzL3Njcmkvc2Vzc2lvbjQHG1swMTszMm1tYXJjb0B0aXBweRtbMDBtOiAbWzAxOzM0bX4vY29kZS9zbWx6LmdpdGh1Yi5pby90c2JlLTIwMTZmcy9zY3JpL3Nlc3Npb240G1swMG0gWxtbMDszMW1tYXN0ZXIbWzA7MzltXQ0NCiQbWzAwbSBleGl0DQo="}