{"script": "G10wO21hcmNvQHRpcHB5OiB+L2NvZGUvc21sei5naXRodWIuaW8vdHNiZS0yMDE2ZnMvc2NyaQcbWzAxOzMybW1hcmNvQHRpcHB5G1swMG06IBtbMDE7MzRtfi9jb2RlL3NtbHouZ2l0aHViLmlvL3RzYmUtMjAxNmZzL3NjcmkbWzAwbSBbG1swOzMxbW1hc3RlchtbMDszOW1dDQ0KJBtbMDBtIHdob2FtaQ0KbWFyY28NChtdMDttYXJjb0B0aXBweTogfi9jb2RlL3NtbHouZ2l0aHViLmlvL3RzYmUtMjAxNmZzL3NjcmkHG1swMTszMm1tYXJjb0B0aXBweRtbMDBtOiAbWzAxOzM0bX4vY29kZS9zbWx6LmdpdGh1Yi5pby90c2JlLTIwMTZmcy9zY3JpG1swMG0gWxtbMDszMW1tYXN0ZXIbWzA7MzltXQ0NCiQbWzAwbSBlYwgbW0sIG1tLZWNobyBIZWxsbyAkd2hvYQgbW0sIG1tLCBtbSwgbW0tVCBtbSyh3aG9hbWkpDQpIZWxsbyBtYXJjbw0KG10wO21hcmNvQHRpcHB5OiB+L2NvZGUvc21sei5naXRodWIuaW8vdHNiZS0yMDE2ZnMvc2NyaQcbWzAxOzMybW1hcmNvQHRpcHB5G1swMG06IBtbMDE7MzRtfi9jb2RlL3NtbHouZ2l0aHViLmlvL3RzYmUtMjAxNmZzL3NjcmkbWzAwbSBbG1swOzMxbW1hc3RlchtbMDszOW1dDQ0KJBtbMDBtICM8YggbW0sIG1tLQnllDQobXTA7bWFyY29AdGlwcHk6IH4vY29kZS9zbWx6LmdpdGh1Yi5pby90c2JlLTIwMTZmcy9zY3JpBxtbMDE7MzJtbWFyY29AdGlwcHkbWzAwbTogG1swMTszNG1+L2NvZGUvc21sei5naXRodWIuaW8vdHNiZS0yMDE2ZnMvc2NyaRtbMDBtIFsbWzA7MzFtbWFzdGVyG1swOzM5bV0NDQokG1swMG0gZXhpdA0K", "timings": [[0.818315, 166], [1.11545, 1], [0.202033, 1], [0.101955, 1], [0.149944, 1], [0.119948, 1], [0.180222, 1], [0.222017, 2], [0.001201, 7], [0.014681, 166], [2.388014, 1], [0.179983, 1], [0.385935, 4], [0.128144, 4], [0.101969, 1], [0.181997, 1], [0.162075, 1], [0.043972, 1], [0.267796, 1], [0.346189, 1], [0.30405, 1], [0.141935, 1], [0.126017, 1], [0.134026, 1], [0.099965, 1], [0.610023, 1], [0.493973, 1], [0.15003, 1], [0.07999, 1], [0.214027, 1], [0.317848, 4], [0.126096, 4], [0.146069, 4], [0.203998, 4], [0.259991, 1], [0.525907, 4], [0.284072, 1], [0.213905, 1], [0.20605, 1], [0.099969, 1], [0.204041, 1], [0.121887, 1], [0.140037, 1], [0.428067, 1], [0.784056, 2], [0.001548, 13], [0.01292, 166], [2.49353, 1], [0.593983, 1], [0.0819, 1], [0.360154, 4], [0.129924, 4], [0.139993, 1], [0.168005, 1], [0.293879, 1], [0.168434, 2], [0.013543, 166], [0.824143, 6]], "columns": 80, "lines": 24}