{"timings": [[0.506423, 166], [0.438024, 1], [0.161098, 1], [0.232542, 1], [0.071245, 1], [0.039135, 1], [0.131146, 1], [0.669962, 1], [0.215246, 1], [0.60526, 1], [0.160957, 2], [0.060067, 152], [0.003813, 4], [4.056945, 1], [0.57964, 1], [0.442285, 1], [0.529045, 1], [0.77844, 1], [0.841656, 2], [0.000444, 3], [0.000112, 4], [4.434043, 2], [0.028443, 166], [1.975375, 6]], "script": "G10wO21hcmNvQHRpcHB5OiB+L2NvZGUvc21sei5naXRodWIuaW8vdHNiZS0yMDE3ZnMvc2NyaQcbWzAxOzMybW1hcmNvQHRpcHB5G1swMG06IBtbMDE7MzRtfi9jb2RlL3NtbHouZ2l0aHViLmlvL3RzYmUtMjAxN2ZzL3NjcmkbWzAwbSBbG1swOzMzbW1hc3RlchtbMDszOW1dDQ0KJBtbMDBtIHB5dGhvbjMuNg0KUHl0aG9uIDMuNi4wKyAoZGVmYXVsdCwgRmViICA0IDIwMTcsIDExOjExOjQ2KSANCltHQ0MgNS40LjEgMjAxNjEyMDJdIG9uIGxpbnV4DQpUeXBlICJoZWxwIiwgImNvcHlyaWdodCIsICJjcmVkaXRzIiBvciAibGljZW5zZSIgZm9yIG1vcmUgaW5mb3JtYXRpb24uDQo+Pj4gMSArIDINCjMNCj4+PiANChtdMDttYXJjb0B0aXBweTogfi9jb2RlL3NtbHouZ2l0aHViLmlvL3RzYmUtMjAxN2ZzL3NjcmkHG1swMTszMm1tYXJjb0B0aXBweRtbMDBtOiAbWzAxOzM0bX4vY29kZS9zbWx6LmdpdGh1Yi5pby90c2JlLTIwMTdmcy9zY3JpG1swMG0gWxtbMDszM21tYXN0ZXIbWzA7MzltXQ0NCiQbWzAwbSBleGl0DQo=", "columns": 81, "lines": 25}