{"script": "G10wO21hcmNvQHRpcHB5OiB+L2NvZGUvc21sei5naXRodWIuaW8vdHNiZS0yMDE3ZnMvc2NyaS9zZXNzaW9uMQcbWzAxOzMybW1hcmNvQHRpcHB5G1swMG06IBtbMDE7MzRtfi9jb2RlL3NtbHouZ2l0aHViLmlvL3RzYmUtMjAxN2ZzL3Njcmkvc2Vzc2lvbjEbWzAwbSBbG1swOzMzbW1hc3RlchtbMDszOW1dDQ0KJBtbMDBtIHB5dGhvbjMuNg0KUHl0aG9uIDMuNi4wKyAoZGVmYXVsdCwgRmViICA0IDIwMTcsIDExOjExOjQ2KSANCltHQ0MgNS40LjEgMjAxNjEyMDJdIG9uIGxpbnV4DQpUeXBlICJoZWxwIiwgImNvcHlyaWdodCIsICJjcmVkaXRzIiBvciAibGljZW5zZSIgZm9yIG1vcmUgaW5mb3JtYXRpb24uDQo+Pj4gLQgbW0siLSIgKiA3MikNG1tDG1tDG1tDG1tDG1sxQHAbWzFAchtbMUBpG1sxQG4bWzFAdBtbMUAoDQotLS0tLS0tLS0tLS0tLS0tLS0tLS0tLS0tLS0tLS0tLS0tLS0tLS0tLS0tLS0tLS0tLS0tLS0tLS0tLS0tLS0tLS0tLS0tLS0NCj4+PiANChtdMDttYXJjb0B0aXBweTogfi9jb2RlL3NtbHouZ2l0aHViLmlvL3RzYmUtMjAxN2ZzL3Njcmkvc2Vzc2lvbjEHG1swMTszMm1tYXJjb0B0aXBweRtbMDBtOiAbWzAxOzM0bX4vY29kZS9zbWx6LmdpdGh1Yi5pby90c2JlLTIwMTdmcy9zY3JpL3Nlc3Npb24xG1swMG0gWxtbMDszM21tYXN0ZXIbWzA7MzltXQ0NCiQbWzAwbSBleGl0DQo=", "lines": 25, "columns": 81, "timings": [[0.57601, 184], [1.683699, 1], [0.124024, 1], [0.199168, 1], [0.078803, 1], [0.086506, 1], [0.14286, 1], [0.673025, 1], [0.103833, 1], [0.270685, 1], [0.232797, 2], [0.055522, 152], [0.003981, 4], [4.331615, 1], [1.061998, 4], [1.226251, 1], [0.320065, 1], [0.312773, 1], [0.456905, 1], [0.995359, 1], [0.182777, 1], [2.286162, 1], [0.315977, 1], [5.008533, 1], [0.472135, 13], [0.476351, 5], [0.306555, 5], [0.064204, 5], [0.092975, 5], [0.133847, 5], [0.981912, 5], [37.807699, 2], [0.000299, 74], [6.3e-05, 4], [9.47598, 2], [0.043347, 184], [0.704612, 6]]}