{"lines": 25, "timings": [[0.534533, 184], [0.70171, 1], [0.338683, 1], [0.2787, 1], [0.087325, 1], [0.047047, 1], [0.172325, 1], [0.71813, 1], [0.103175, 1], [0.348672, 1], [0.601902, 2], [0.030793, 150], [6.9e-05, 2], [0.002097, 4], [11.237488, 1], [0.132131, 1], [0.176176, 1], [0.17355, 1], [0.148481, 1], [0.623167, 1], [0.036254, 1], [0.607008, 2], [7.550325, 1], [0.147034, 1], [0.083035, 1], [0.157543, 1], [0.140187, 1], [0.696235, 2], [0.000182, 13], [11.404264, 5], [0.532391, 8], [1.040882, 1], [0.425371, 4], [0.29879, 1], [0.104156, 1], [0.197537, 1], [0.212351, 1], [0.097425, 1], [0.17181, 1], [0.197838, 1], [0.160179, 1], [0.210792, 1], [0.097519, 1], [1.939475, 1], [0.084712, 1], [0.189443, 1], [0.137314, 1], [0.254258, 4], [0.125134, 4], [0.198478, 1], [0.132391, 1], [0.156854, 1], [0.487002, 1], [0.435671, 1], [1.926641, 2], [2.018533, 1], [0.204552, 1], [0.11738, 1], [0.151748, 1], [0.182618, 1], [0.552714, 2], [0.000359, 4], [5.290723, 1], [0.126933, 1], [0.440114, 1], [0.181568, 1], [0.12021, 1], [0.115603, 1], [0.230305, 1], [0.096546, 2], [0.00035, 9], [8.3e-05, 4], [14.321031, 1], [0.202857, 1], [0.102982, 1], [0.070804, 1], [0.108578, 1], [0.262805, 1], [1.458218, 1], [0.851917, 1], [0.110327, 1], [0.14138, 1], [0.144301, 1], [0.16281, 1], [0.072753, 1], [0.220697, 1], [0.103827, 1], [0.212652, 1], [0.078245, 1], [0.140471, 1], [0.166111, 1], [0.104886, 1], [0.115904, 1], [0.126441, 1], [1.24713, 1], [0.244748, 1], [1.331472, 4], [0.216893, 1], [0.414512, 1], [0.565589, 2], [0.000248, 18], [5.8e-05, 4], [2.153758, 25], [0.157046, 23], [0.686534, 22], [0.694593, 22], [0.899934, 2], [3.565034, 1], [0.445424, 1], [0.312754, 2], [0.000237, 4], [2.338077, 1], [0.110285, 1], [0.1594, 1], [0.324946, 1], [0.105625, 1], [0.130925, 1], [0.182163, 1], [0.104303, 2], [0.000312, 6], [0.00013, 4], [6.615802, 7], [0.191303, 18], [0.406965, 19], [1.109503, 18], [0.190052, 9], [0.157189, 16], [0.66352, 7], [0.605604, 16], [0.189444, 1], [0.16569, 1], [20.76091, 1], [0.086029, 1], [0.000295, 1], [0.182189, 1], [0.222745, 4], [0.133382, 4], [0.158352, 4], [0.492265, 1], [0.158818, 1], [0.149066, 1], [0.117716, 1], [0.563718, 1], [0.408707, 1], [2.358807, 1], [0.32084, 4], [0.154172, 1], [0.099963, 1], [0.127657, 1], [0.119924, 1], [0.178613, 1], [0.110183, 1], [0.256255, 1], [0.200307, 1], [0.148228, 1], [0.11627, 1], [0.125058, 1], [0.158701, 1], [0.096171, 1], [0.204094, 1], [0.088893, 1], [0.598092, 1], [0.568642, 1], [0.304157, 2], [0.000193, 4], [1.772837, 1], [0.779759, 18], [7.992269, 1], [0.141273, 1], [0.440804, 2], [0.000174, 6], [0.000184, 4], [2.639892, 2], [0.390844, 7], [0.390102, 25], [0.350132, 1], [0.558401, 1], [0.394659, 3], [0.669861, 3], [0.336048, 3], [0.715426, 1], [2.87685, 2], [0.000313, 17], [3.894294, 1], [0.140602, 1], [0.911984, 12], [7.781326, 1], [0.20779, 1], [0.353807, 1], [0.211737, 1], [0.160263, 1], [0.171626, 1], [0.079597, 1], [0.096098, 1], [0.156526, 1], [0.134077, 1], [0.112841, 1], [0.242679, 1], [0.094483, 1], [0.055038, 1], [0.126563, 1], [0.79432, 1], [0.207392, 1], [0.229203, 1], [0.117972, 1], [0.119445, 1], [0.17263, 1], [0.08049, 1], [0.485075, 1], [0.095998, 1], [0.429635, 4], [0.133672, 4], [0.14898, 4], [0.235795, 1], [0.072704, 1], [0.55462, 1], [0.127278, 1], [0.351382, 1], [0.212855, 1], [0.039526, 1], [0.19517, 1], [0.151847, 1], [0.312609, 1], [0.172292, 1], [0.107415, 1], [0.142487, 1], [0.136663, 1], [0.039661, 1], [0.257085, 1], [0.211769, 1], [0.096287, 1], [0.16569, 1], [0.247153, 1], [0.478704, 1], [0.289389, 1], [0.204734, 1], [0.192598, 1], [0.246331, 1], [0.069764, 1], [0.260993, 1], [0.321169, 4], [0.142839, 4], [0.133605, 4], [0.13447, 4], [0.203382, 1], [0.110487, 1], [0.292418, 1], [0.182507, 1], [0.181253, 1], [0.274591, 1], [0.171359, 1], [0.174181, 1], [0.132305, 1], [0.129855, 1], [3.274572, 1], [0.133889, 1], [0.133389, 1], [0.117205, 1], [0.143157, 1], [0.271276, 1], [0.08572, 1], [0.095673, 1], [0.467803, 1], [0.19785, 1], [0.095485, 1], [0.180534, 1], [0.142029, 1], [0.567624, 4], [0.036198, 1], [4.713693, 2], [0.000144, 4], [3.263491, 6], [4.733899, 2], [0.000198, 4], [0.499716, 2], [0.000119, 4], [0.029869, 6], [0.030698, 6], [0.029794, 6], [0.031076, 6], [0.028799, 2], [5.8e-05, 4], [0.030558, 2], [0.000107, 4], [0.324367, 2], [0.0002, 4], [0.183451, 2], [0.000285, 4], [0.15734, 2], [0.000285, 4], [0.157965, 2], [0.000419, 4], [0.157397, 2], [0.000322, 4], [0.134376, 6], [15.444291, 2], [0.030978, 184], [0.911978, 6]], "script": "G10wO21hcmNvQHRpcHB5OiB+L2NvZGUvc21sei5naXRodWIuaW8vdHNiZS0yMDE3ZnMvc2NyaS9zZXNzaW9uMQcbWzAxOzMybW1hcmNvQHRpcHB5G1swMG06IBtbMDE7MzRtfi9jb2RlL3NtbHouZ2l0aHViLmlvL3RzYmUtMjAxN2ZzL3Njcmkvc2Vzc2lvbjEbWzAwbSBbG1swOzMzbW1hc3RlchtbMDszOW1dDQ0KJBtbMDBtIHB5dGhvbjMuNg0KUHl0aG9uIDMuNi4wKyAoZGVmYXVsdCwgRmViICA0IDIwMTcsIDExOjExOjQ2KSANCltHQ0MgNS40LjEgMjAxNjEyMDJdIG9uIGxpbnV4DQpUeXBlICJoZWxwIiwgImNvcHlyaWdodCIsICJjcmVkaXRzIiBvciAibGljZW5zZSIgZm9yIG1vcmUgaW5mb3JtYXRpb24uDQo+Pj4gaW5wdXQoKQ0KaGFsbG8NCidoYWxsbycNCj4+PiBoYWxsbwgICAgIG1tLYQgbW0thbnR3b3J0ID0gaW50cAgbW0sIG1tLcHV0KCkNCkhhbGxvDQo+Pj4gYW50d29ydA0KJ0hhbGxvJw0KPj4+IHByaW50KCJXaWUgYWx0IGJpc3QgZHU/IAgbW0siKQ0KV2llIGFsdCBiaXN0IGR1Pw0KPj4+IHByaW50KCJXaWUgYWx0IGJpc3QgZHU/IikNG1tDG1tDG1tDG1tDYW50d29ydBtbSw0bW0MbW0MbW0MbW0MbWzJQSGFsbG8ICAgICGFudHdvcnQgPSBpbnB1dCgpDQo4NQ0KPj4+IGFudHdvcnQNCic4NScNCj4+PiBhbnR3b3J0DRtbQxtbQxtbQxtbQzg1G1tLCAhhbnR3b3J0ID0gaW5wdXQoKQ0bW0MbW0MbW0MbW0M4NRtbSwgIYW50d29ydA0bW0MbW0MbW0MbW0MbW0thbnR3b3J0DRtbQxtbQxtbQxtbQxtbSwcHaW5tcAgbW0sIG1tLCBtbS25wdXQoIncIG1tLV2llIGFsdCBiaXN0IGR1PyINCi4uLiApDQpXaWUgYWx0IGJpc3QgZHU/NzcNCic3NycNCj4+PiA3NwgIG1sxUCkIaW5wdXQoIldpZSBhbHQgYmlzdCBkdT8iCAgbW0MgIggbW0MpDQpXaWUgYWx0IGJpc3QgZHU/IDU1DQonNTUnDQo+Pj4gIyBTY2hyZWliZSBlaW4gU2tyaXB0ICwgCBtbSwgbW0sIG1tLLCB3ZWxjaGVzIG5hY2ggTmFtZSwgQWRkcmVzCBtbSwgbW0sIG1tLCBtbS3Jlc3NlIHVuZCBUZWxlZm9uIGZyYWdlCBtbS3QNCi4uLiANCj4+PiANCj4+PiANCj4+PiANCj4+PiANCj4+PiANCj4+PiANCj4+PiANCj4+PiANCj4+PiANCj4+PiANCj4+PiANCj4+PiANCj4+PiANCj4+PiANCj4+PiANChtdMDttYXJjb0B0aXBweTogfi9jb2RlL3NtbHouZ2l0aHViLmlvL3RzYmUtMjAxN2ZzL3Njcmkvc2Vzc2lvbjEHG1swMTszMm1tYXJjb0B0aXBweRtbMDBtOiAbWzAxOzM0bX4vY29kZS9zbWx6LmdpdGh1Yi5pby90c2JlLTIwMTdmcy9zY3JpL3Nlc3Npb24xG1swMG0gWxtbMDszM21tYXN0ZXIbWzA7MzltXQ0NCiQbWzAwbSBleGl0DQo=", "columns": 81}