{"columns": 80, "timings": [[1.156976, 159], [9.5e-05, 7], [5.188653, 1], [0.16403, 1], [0.081111, 1], [0.094958, 1], [0.062751, 1], [1.155265, 1], [0.078479, 1], [0.054783, 1], [0.124484, 1], [0.984318, 1], [0.206413, 1], [0.16261, 1], [0.257984, 2], [0.015869, 42], [4.9e-05, 21], [0.001409, 478], [4.470645, 51], [0.155755, 19], [0.094344, 21], [0.055038, 23], [0.069872, 48], [0.260901, 49], [2.523097, 50], [1.053073, 51], [0.295649, 53], [0.70454, 37], [0.326229, 69], [0.739618, 54], [0.464954, 71], [0.154736, 56], [1.236924, 82], [0.208011, 83], [0.259264, 84], [0.161029, 85], [0.189582, 86], [0.110147, 87], [0.260814, 88], [0.245789, 89], [0.647007, 73], [0.182317, 72], [0.157915, 71], [0.133953, 86], [0.733428, 86], [0.133623, 87], [0.173034, 88], [0.214045, 89], [0.03146, 90], [1.339588, 91], [0.472431, 1], [0.500323, 1], [0.029854, 1], [0.030495, 1], [0.030966, 1], [0.029324, 1], [0.029762, 1], [0.030596, 1], [0.030058, 1], [0.029871, 1], [0.030406, 1], [0.030076, 1], [0.030467, 1], [0.029889, 1], [0.326892, 3], [0.735588, 7], [2.600307, 188], [0.340813, 339], [0.251185, 190], [4.1e-05, 23], [0.016094, 166], [0.580598, 1], [0.067407, 1], [0.182298, 1], [0.102563, 1], [0.040206, 1], [0.092764, 1], [0.452286, 1], [0.137332, 1], [0.651917, 1], [0.094185, 1], [0.070889, 1], [0.108028, 1], [0.168154, 4], [0.399105, 2], [0.015164, 17], [0.016344, 159], [4.5e-05, 7], [2.267672, 6]], "script": "G10wO21hcmNvQHRpcHB5OiB+L2NvZGUvc21sei5naXRodWIuaW8vdHNiZS0yMDE2ZnMvc2NyaQcbWzAxOzMybW1hcmNvQHRpcHB5G1swMG06IBtbMDE7MzRtfi9jb2RlL3NtbHouZ2l0aHViLmlvL3RzYmUtMjAxNmZzL3NjcmkbWzAwbSBbG1swOzMxbW1hc3RlchtbMDszOW1dDQ0KJBtbMDBtIG5hbm8gdGVzdC5weQ0KG1s/MTA0OWgbWzE7MjRyGyhCG1ttG1s0bBtbPzdoG1s/MTJsG1s/MjVoG1s/MWgbPRtbPzFoGz0bWz8xaBs9G1szOTs0OW0bWzM5OzQ5bRsoQhtbbRtbSBtbMkobKEIbWzA7N20gIEdOVSBuYW5vIDIuNC4yICAgICAgICAgICAgICAgRmlsZTogdGVzdC5weSAgICAgICAgICAgICAgICAgICAgICAgICAgICAgICAgICAgIBtbMjI7MzVIWyBOZXcgRmlsZSBdDRtbMjNkXkcbKEIbW20gR2V0IEhlbHAgIBsoQhtbMDs3bV5PGyhCG1ttIFdyaXRlIE91dCAbKEIbWzA7N21eVxsoQhtbbSBXaGVyZSBJcyAgGyhCG1swOzdtXksbKEIbW20gQ3V0IFRleHQgIBsoQhtbMDs3bV5KGyhCG1ttIEp1c3RpZnkgICAbKEIbWzA7N21eQxsoQhtbbSBDdXIgUG9zDRtbMjRkGyhCG1swOzdtXlgbKEIbW20gRXhpdBtbMTRHGyhCG1swOzdtXlIbKEIbW20gUmVhZCBGaWxlIBsoQhtbMDs3bV5cGyhCG1ttIFJlcGxhY2UgICAbKEIbWzA7N21eVRsoQhtbbSBVbmN1dCBUZXh0GyhCG1swOzdtXlQbKEIbW20gVG8gTGludGVyIBsoQhtbMDs3bV5fGyhCG1ttIEdvIFRvIExpbmUNG1szZBtbMTs3MUgbKEIbWzA7N21Nb2RpZmllZA0bWzNkGyhCG1ttcBtbSxtbNGQIG1tLG1tBcAhwchtbSw0bWzRkG1tLG1tBcHINcHJpG1tLDRtbNGQbW0sbW0FwcmkNcHJpbhtbSw0bWzRkG1tLG1tBcHJpbg0bKEIbWzA7MW0bWzM2bXByaW50G1szOW0bKEIbW20bW0sNG1s0ZBtbSxtbMzs2SA0bKEIbWzA7MW0bWzM2bXByaW50G1szOW0bKEIbW20oG1tLDRtbNGQbW0sbWzM7N0gNGyhCG1swOzFtG1szNm1wcmludBtbMzltGyhCG1ttKCIbW0sNG1s0ZBtbSxtbMzs4SA0bKEIbWzA7MW0bWzM2bXByaW50G1szOW0bKEIbW20oImEbW0sNG1s0ZBtbSxtbMzs5SA0bKEIbWzA7MW0bWzM2bXByaW50G1szOW0bKEIbW20oImFiG1tLDRtbNGQbW0sbWzM7MTBIDRsoQhtbMDsxbRtbMzZtcHJpbnQbWzM5bRsoQhtbbSgiYRtbSw0bKEIbWzA7MW0bWzM2bXByaW50G1szOW0bKEIbW20oImEbWzQybSAbWzQ5bRsoQhtbbRtbSw0bWzRkG1tLG1szOzEwSA0bKEIbWzA7MW0bWzM2bXByaW50G1szOW0bKEIbW20oImEgYhtbSw0bWzRkG1tLG1szOzExSA0bKEIbWzA7MW0bWzM2bXByaW50G1szOW0bKEIbW20oImEgYhtbNDJtIBtbNDltGyhCG1ttG1tLDRtbNGQbW0sbWzM7MTJIDRsoQhtbMDsxbRtbMzZtcHJpbnQbWzM5bRsoQhtbbSgiYSBiIGMbW0sNG1s0ZBtbSxtbMzsxM0gNGyhCG1swOzFtG1szNm1wcmludBtbMzltGyhCG1ttKBsoQhtbMDsxbRtbMzJtImEgYiBjIhtbMzltGyhCG1ttG1tLDRtbNGQbW0sbWzM7MTRIDRsoQhtbMDsxbRtbMzZtcHJpbnQbWzM5bRsoQhtbbSgbKEIbWzA7MW0bWzMybSJhIGIgYyIbWzM5bRsoQhtbbS4bW0sNG1s0ZBtbSxtbMzsxNUgNGyhCG1swOzFtG1szNm1wcmludBtbMzltGyhCG1ttKBsoQhtbMDsxbRtbMzJtImEgYiBjIhtbMzltGyhCG1ttLnMbW0sNG1s0ZBtbSxtbMzsxNkgNGyhCG1swOzFtG1szNm1wcmludBtbMzltGyhCG1ttKBsoQhtbMDsxbRtbMzJtImEgYiBjIhtbMzltGyhCG1ttLnNwG1tLDRtbNGQbW0sbWzM7MTdIDRsoQhtbMDsxbRtbMzZtcHJpbnQbWzM5bRsoQhtbbSgbKEIbWzA7MW0bWzMybSJhIGIgYyIbWzM5bRsoQhtbbS5zcGkbW0sNG1s0ZBtbSxtbMzsxOEgNGyhCG1swOzFtG1szNm1wcmludBtbMzltGyhCG1ttKBsoQhtbMDsxbRtbMzJtImEgYiBjIhtbMzltGyhCG1ttLnNwaWwbW0sNG1s0ZBtbSxtbMzsxOUgNGyhCG1swOzFtG1szNm1wcmludBtbMzltGyhCG1ttKBsoQhtbMDsxbRtbMzJtImEgYiBjIhtbMzltGyhCG1ttLnNwaWx0G1tLDRtbNGQbW0sbWzM7MjBIDRsoQhtbMDsxbRtbMzZtcHJpbnQbWzM5bRsoQhtbbSgbKEIbWzA7MW0bWzMybSJhIGIgYyIbWzM5bRsoQhtbbS5zcGlsdCgbW0sNG1s0ZBtbSxtbMzsyMUgNGyhCG1swOzFtG1szNm1wcmludBtbMzltGyhCG1ttKBsoQhtbMDsxbRtbMzJtImEgYiBjIhtbMzltGyhCG1ttLnNwaWx0G1tLDRsoQhtbMDsxbRtbMzZtcHJpbnQbWzM5bRsoQhtbbSgbKEIbWzA7MW0bWzMybSJhIGIgYyIbWzM5bRsoQhtbbS5zcGlsG1tLDRsoQhtbMDsxbRtbMzZtcHJpbnQbWzM5bRsoQhtbbSgbKEIbWzA7MW0bWzMybSJhIGIgYyIbWzM5bRsoQhtbbS5zcGkbW0sNGyhCG1swOzFtG1szNm1wcmludBtbMzltGyhCG1ttKBsoQhtbMDsxbRtbMzJtImEgYiBjIhtbMzltGyhCG1ttLnNwG1tLDRtbMjJkG1tLG1szOzE3SA0bKEIbWzA7MW0bWzM2bXByaW50G1szOW0bKEIbW20oGyhCG1swOzFtG1szMm0iYSBiIGMiG1szOW0bKEIbW20uc3BsG1tLDRtbNGQbW0sbWzM7MThIDRsoQhtbMDsxbRtbMzZtcHJpbnQbWzM5bRsoQhtbbSgbKEIbWzA7MW0bWzMybSJhIGIgYyIbWzM5bRsoQhtbbS5zcGxpG1tLDRtbNGQbW0sbWzM7MTlIDRsoQhtbMDsxbRtbMzZtcHJpbnQbWzM5bRsoQhtbbSgbKEIbWzA7MW0bWzMybSJhIGIgYyIbWzM5bRsoQhtbbS5zcGxpdBtbSw0bWzRkG1tLG1szOzIwSA0bKEIbWzA7MW0bWzM2bXByaW50G1szOW0bKEIbW20oGyhCG1swOzFtG1szMm0iYSBiIGMiG1szOW0bKEIbW20uc3BsaXQoG1tLDRtbNGQbW0sbWzM7MjFIDRsoQhtbMDsxbRtbMzZtcHJpbnQbWzM5bRsoQhtbbSgbKEIbWzA7MW0bWzMybSJhIGIgYyIbWzM5bRsoQhtbbS5zcGxpdCgpG1tLDRtbNGQbW0sbWzM7MjJIDRsoQhtbMDsxbRtbMzZtcHJpbnQbWzM5bRsoQhtbbSgbKEIbWzA7MW0bWzMybSJhIGIgYyIbWzM5bRsoQhtbbS5zcGxpdCgpKRtbSw0bWzRkG1tLG1szOzIzSAgICAgICAgICAgICAgIG1tDG1szOzIzSA0bWzIyZBsoQhtbMDs3bVNhdmUgbW9kaWZpZWQgYnVmZmVyIChBTlNXRVJJTkcgIk5vIiBXSUxMIERFU1RST1kgQ0hBTkdFUykgPyAgICAgICAgICAgICAgICAgICAgG1syMzsxSCBZGyhCG1ttIFllcxtbSw0bWzI0ZBsoQhtbMDs3bSBOGyhCG1ttIE5vICAbWzE0RyAgIBsoQhtbMDs3bV5DGyhCG1ttIENhbmNlbBtbSxtbMjI7NjJIDRsoQhtbMDs3bUZpbGUgTmFtZSB0byBXcml0ZTogdGVzdC5weSAgICAgICAgICAgICAgICAgICAgICAgICAgICAgICAgIA0bWzIzZF5HGyhCG1ttIEdldCBIZWxwG1syMzsyMUgbKEIbWzA7N21NLUQbKEIbW20gRE9TIEZvcm1hdBtbNDFHGyhCG1swOzdtTS1BGyhCG1ttIEFwcGVuZBtbMjM7NjFIGyhCG1swOzdtTS1CGyhCG1ttIEJhY2t1cCBGaWxlDRtbMjRkGyhCG1swOzdtXkMbKEIbW20gQ2FuY2VsG1sxN0cgICAgGyhCG1swOzdtTS1NGyhCG1ttIE1hYyBGb3JtYXQbWzQxRxsoQhtbMDs3bU0tUBsoQhtbbSBQcmVwZW5kG1syNDs2MUgbKEIbWzA7N21eVBsoQhtbbSBUbyBGaWxlcxtbMjI7MjhIDRtbMjNkG1szOTs0OW0bKEIbW20bW0obWzE7NzFIGyhCG1swOzdtICAgICAgICANG1szZBsoQhtbMDsxbRtbMzZtcHJpbnQbWzM5bRsoQhtbbSgbKEIbWzA7MW0bWzMybSJhIGIgYyIbWzM5bRsoQhtbbS5zcGxpdCgpKRtbSw0bWzRkG1tLG1syMjszMkgbWzFLIBsoQhtbMDs3bVsgV3JvdGUgMSBsaW5lIF0bKEIbW20bW0sbWzI0OzgwSBtbMjQ7MUgbWz8xMDQ5bA0bWz8xbBs+G10wO21hcmNvQHRpcHB5OiB+L2NvZGUvc21sei5naXRodWIuaW8vdHNiZS0yMDE2ZnMvc2NyaQcbWzAxOzMybW1hcmNvQHRpcHB5G1swMG06IBtbMDE7MzRtfi9jb2RlL3NtbHouZ2l0aHViLmlvL3RzYmUtMjAxNmZzL3NjcmkbWzAwbSBbG1swOzMxbW1hc3RlchtbMDszOW1dDQ0KJBtbMDBtIHB5dGhvbjMgdGVzdC5weSANClsnYScsICdiJywgJ2MnXQ0KG10wO21hcmNvQHRpcHB5OiB+L2NvZGUvc21sei5naXRodWIuaW8vdHNiZS0yMDE2ZnMvc2NyaQcbWzAxOzMybW1hcmNvQHRpcHB5G1swMG06IBtbMDE7MzRtfi9jb2RlL3NtbHouZ2l0aHViLmlvL3RzYmUtMjAxNmZzL3NjcmkbWzAwbSBbG1swOzMxbW1hc3RlchtbMDszOW1dDQ0KJBtbMDBtIGV4aXQNCg==", "lines": 24}